orderIndex | solutionRoute | solutionPackage | solutionMoneyCost | solutionTimeCost
O40 | {961=[6], 515=[20], 773=[2], 710=[11], 775=[2], 391=[12], 455=[20], 712=[13], 329=[2], 11=[6], 460=[11], 396=[9], 12=[6], 973=[20], 462=[6], 271=[20], 15=[8], 657=[6], 539=[10], 94=[9], 158=[6], 286=[10], 990=[13], 991=[20], 671=[8], 35=[20], 611=[11], 933=[2], 550=[8], 423=[9], 680=[8], 747=[10], 748=[10], 943=[9], 879=[9], 559=[2], 817=[14], 308=[14], 948=[14], 181=[14], 502=[12], 566=[11], 503=[12], 122=[2], 378=[10]} | {2=[[773, 775, 329, 933, 559, 122]], 20=[[515, 455, 973, 271, 991, 35]], 6=[[961, 11, 12, 462, 657, 158]], 8=[[15, 671, 550, 680]], 9=[[396, 94, 423, 943, 879]], 10=[[539, 286, 747, 748, 378]], 11=[[710, 460, 611, 566]], 12=[[391, 502, 503]], 13=[[712, 990]], 14=[[817, 308, 948, 181]]} | 136.10000000000002 | 128.69
O42 | {512=[16], 129=[8], 898=[10], 775=[2], 652=[9], 13=[8], 23=[17], 283=[10], 540=[16], 927=[10], 803=[17], 688=[2], 177=[17], 818=[2], 566=[11], 950=[2], 571=[16], 63=[10], 65=[10], 450=[10], 581=[4], 201=[7], 719=[7], 978=[11], 595=[4], 596=[4], 724=[17], 212=[10], 214=[2], 86=[7], 856=[2], 473=[17], 731=[9], 92=[7], 351=[14], 737=[2], 738=[2], 231=[10], 103=[14], 104=[14], 105=[17], 746=[10], 112=[7], 753=[10], 114=[7], 626=[9], 372=[16], 244=[10], 127=[16]} | {16=[[512, 540, 571, 372, 127]], 17=[[23, 803, 177, 724, 473, 105]], 2=[[775, 688, 818, 950, 214, 856, 737, 738]], 4=[[581, 595, 596]], 7=[[201, 719, 86, 92, 112, 114]], 8=[[129, 13]], 9=[[652, 731, 626]], 10=[[898, 283, 927, 63, 65, 450, 212, 231, 746, 753, 244]], 11=[[566, 978]], 14=[[351, 103, 104]]} | 134.39999999999998 | 128.48
O41 | {129=[8], 134=[11], 903=[14], 266=[14], 659=[6], 21=[17], 150=[18], 537=[10], 666=[6], 283=[10], 285=[10], 160=[10], 35=[20], 421=[15], 37=[20], 677=[8], 549=[8], 552=[14], 557=[6], 945=[11], 562=[17], 570=[16], 700=[16], 829=[20], 62=[10], 191=[15], 963=[6], 324=[15], 197=[15], 74=[11], 331=[6], 75=[17], 974=[20], 847=[16], 720=[8], 81=[16], 852=[18], 598=[18], 600=[18], 859=[15], 988=[16], 735=[14], 995=[10], 486=[8], 742=[15], 231=[10], 488=[10], 235=[17], 890=[10], 766=[17]} | {16=[[570, 700, 847, 81, 988]], 17=[[21, 562, 75, 235, 766]], 18=[[150, 852, 598, 600]], 20=[[35, 37, 829, 974]], 6=[[659, 666, 557, 963, 331]], 8=[[129, 677, 549, 720, 486]], 10=[[537, 283, 285, 160, 62, 995, 231, 488, 890]], 11=[[134, 945, 74]], 14=[[903, 266, 552, 735]], 15=[[421, 191, 324, 197, 859, 742]]} | 127.60000000000001 | 127.2
O44 | {514=[20], 706=[19], 579=[4], 3=[5], 454=[20], 326=[15], 76=[17], 142=[12], 655=[4], 399=[5], 848=[16], 849=[16], 403=[17], 729=[15], 602=[20], 795=[12], 540=[16], 865=[19], 417=[19], 33=[19], 226=[19], 802=[15], 37=[20], 294=[5], 614=[12], 422=[15], 358=[19], 168=[5], 105=[17], 875=[4], 684=[17], 111=[19], 881=[9], 241=[8], 562=[17], 243=[8], 884=[19], 440=[15], 571=[16], 636=[16], 125=[16], 445=[8], 317=[19], 829=[20], 958=[9], 959=[9]} | {16=[[848, 849, 540, 571, 636, 125]], 17=[[76, 403, 105, 684, 562]], 19=[[706, 865, 417, 33, 226, 358, 111, 884, 317]], 20=[[514, 454, 602, 37, 829]], 4=[[579, 655, 875]], 5=[[3, 399, 294, 168]], 8=[[241, 243, 445]], 9=[[881, 958, 959]], 12=[[142, 795, 614]], 15=[[326, 729, 802, 422, 440]]} | 126.07999999999998 | 128.69
O43 | {256=[5], 386=[5], 387=[5], 771=[2], 517=[1], 142=[12], 400=[5], 401=[5], 919=[7], 792=[16], 281=[2], 922=[1], 411=[14], 167=[5], 170=[7], 683=[3], 299=[7], 44=[3], 300=[7], 689=[2], 54=[3], 186=[12], 955=[12], 316=[3], 574=[12], 195=[1], 456=[1], 843=[1], 972=[5], 207=[1], 336=[20], 854=[2], 91=[7], 92=[7], 98=[3], 101=[12], 614=[12], 361=[3], 617=[2], 366=[4], 368=[2], 371=[2], 501=[12], 375=[16], 249=[14], 633=[2], 250=[16], 252=[16], 255=[5]} | {16=[[792, 375, 250, 252]], 1=[[517, 922, 195, 456, 843, 207]], 2=[[771, 281, 689, 854, 617, 368, 371, 633]], 3=[[683, 44, 54, 316, 98, 361]], 20=[[336]], 4=[[366]], 5=[[256, 386, 387, 400, 401, 167, 972, 255]], 7=[[919, 170, 299, 300, 91, 92]], 12=[[142, 186, 955, 574, 101, 614, 501]], 14=[[411, 249]]} | 144.75 | 129.44
O46 | {385=[17], 449=[10], 899=[1], 452=[3], 964=[1], 902=[14], 70=[1], 838=[18], 198=[1], 270=[10], 336=[20], 528=[1], 16=[14], 144=[20], 17=[20], 18=[20], 466=[10], 917=[3], 151=[3], 536=[10], 925=[10], 29=[5], 349=[14], 670=[8], 30=[5], 31=[5], 163=[14], 228=[8], 997=[18], 296=[5], 1000=[18], 748=[10], 236=[17], 814=[18], 878=[9], 304=[18], 179=[17], 692=[3], 310=[5], 120=[14], 376=[10], 249=[14], 954=[18], 378=[10], 444=[18], 255=[5]} | {17=[[385, 236, 179]], 1=[[899, 964, 70, 198, 528]], 18=[[838, 997, 1000, 814, 304, 954, 444]], 3=[[452, 917, 151, 692]], 20=[[336, 144, 17, 18]], 5=[[29, 30, 31, 296, 310, 255]], 8=[[670, 228]], 9=[[878]], 10=[[449, 270, 466, 536, 925, 748, 376, 378]], 14=[[902, 16, 349, 163, 120, 249]]} | 124.66 | 129.44
O45 | {644=[17], 773=[2], 8=[17], 649=[15], 394=[4], 525=[4], 529=[15], 788=[4], 280=[15], 409=[12], 795=[12], 156=[12], 544=[15], 420=[15], 168=[5], 42=[1], 175=[1], 303=[15], 439=[13], 952=[2], 569=[13], 574=[12], 703=[16], 191=[15], 577=[2], 321=[13], 323=[13], 453=[11], 72=[11], 328=[2], 73=[11], 76=[17], 210=[13], 723=[15], 595=[4], 470=[13], 216=[16], 474=[17], 730=[15], 859=[15], 989=[13], 737=[2], 102=[12], 618=[2], 497=[5], 498=[2], 372=[16], 757=[4], 886=[1], 763=[15]} | {16=[[703, 216, 372]], 17=[[644, 8, 76, 474]], 1=[[42, 175, 886]], 2=[[773, 952, 577, 328, 737, 618, 498]], 4=[[394, 525, 788, 595, 757]], 5=[[168, 497]], 11=[[453, 72, 73]], 12=[[409, 795, 156, 574, 102]], 13=[[439, 569, 321, 323, 210, 470, 989]], 15=[[649, 529, 280, 544, 420, 303, 191, 723, 730, 859, 763]]} | 146.67000000000002 | 129.44
O48 | {320=[13], 1=[12], 66=[12], 259=[17], 580=[4], 262=[18], 198=[1], 842=[1], 780=[1], 77=[17], 142=[12], 399=[5], 80=[7], 467=[4], 531=[18], 852=[18], 150=[18], 600=[18], 664=[4], 479=[19], 608=[7], 289=[12], 226=[19], 803=[17], 869=[13], 741=[18], 295=[5], 743=[16], 170=[7], 491=[17], 107=[17], 235=[17], 939=[19], 238=[7], 687=[7], 113=[7], 434=[13], 883=[19], 819=[13], 372=[16], 569=[13], 635=[16], 443=[18], 700=[16], 701=[16], 702=[16], 254=[17]} | {16=[[743, 372, 635, 700, 701, 702]], 17=[[259, 77, 803, 491, 107, 235, 254]], 1=[[198, 842, 780]], 18=[[262, 531, 852, 150, 600, 741, 443]], 19=[[479, 226, 939, 883]], 4=[[580, 467, 664]], 5=[[399, 295]], 7=[[80, 608, 170, 238, 687, 113]], 12=[[1, 142, 289], [66]], 13=[[320, 869, 434, 819, 569]]} | 145.22 | 129.44
O47 | {256=[5], 257=[3], 66=[12], 450=[10], 966=[4], 712=[13], 201=[7], 393=[8], 522=[4], 524=[4], 717=[3], 462=[6], 785=[4], 657=[6], 274=[7], 275=[7], 788=[4], 916=[3], 724=[17], 468=[4], 725=[17], 22=[17], 664=[4], 284=[10], 481=[10], 161=[10], 227=[8], 229=[3], 678=[8], 232=[10], 681=[3], 169=[5], 297=[5], 235=[17], 875=[4], 685=[17], 686=[17], 432=[6], 177=[17], 691=[3], 245=[10], 503=[12], 119=[3], 568=[13], 891=[10], 828=[7], 894=[6]} | {17=[[724, 725, 22, 235, 685, 686, 177]], 3=[[257, 717, 916, 229, 681, 691, 119]], 4=[[966, 522, 524, 785, 788, 468, 664, 875]], 5=[[256, 169, 297]], 6=[[462, 657, 432, 894]], 7=[[201, 274, 275, 828]], 8=[[393, 227, 678]], 10=[[450, 284, 481, 232, 245, 891], [161]], 12=[[66, 503]], 13=[[712, 568]]} | 141.85 | 128.69
O49 | {577=[2], 2=[7], 514=[20], 775=[2], 776=[2], 392=[12], 713=[8], 586=[9], 778=[6], 330=[6], 974=[20], 463=[6], 208=[16], 209=[6], 403=[17], 659=[6], 856=[2], 473=[17], 89=[17], 602=[20], 666=[6], 155=[12], 540=[16], 670=[8], 671=[8], 931=[2], 355=[17], 37=[20], 678=[8], 806=[17], 616=[2], 684=[17], 108=[17], 173=[7], 879=[9], 241=[8], 115=[7], 372=[16], 502=[12], 310=[5], 950=[2], 951=[2], 631=[2], 824=[9], 122=[2], 572=[16], 573=[16]} | {16=[[208, 540, 372, 572, 573]], 17=[[403, 473, 89, 355, 806, 684, 108]], 2=[[577, 775, 776, 856, 931, 616, 950, 951, 631, 122]], 20=[[514, 974, 602, 37]], 5=[[310]], 6=[[778, 330, 463, 209, 659, 666]], 7=[[2, 173, 115]], 8=[[713, 670, 671, 678, 241]], 9=[[586, 879, 824]], 12=[[392, 155, 502]]} | 138.98 | 128.69
O51 | {129=[8], 899=[1], 516=[1], 964=[1], 458=[14], 333=[20], 397=[3], 398=[3], 463=[6], 784=[4], 209=[6], 337=[10], 914=[14], 338=[10], 917=[3], 411=[14], 283=[10], 348=[9], 412=[14], 29=[5], 349=[14], 350=[14], 31=[5], 672=[10], 992=[14], 35=[20], 676=[10], 550=[8], 38=[10], 166=[3], 620=[4], 749=[10], 367=[4], 880=[9], 52=[1], 116=[3], 309=[5], 181=[14], 821=[9], 54=[3], 823=[6], 247=[14], 699=[14], 959=[9], 639=[6], 255=[5]} | {1=[[899, 516, 964, 52]], 3=[[397, 398, 917, 166, 116, 54]], 20=[[333, 35]], 4=[[784, 620, 367]], 5=[[29, 31, 309, 255]], 6=[[463, 209, 823, 639]], 8=[[129, 550]], 9=[[348, 880, 821, 959]], 10=[[337, 338, 283, 672, 676, 38, 749]], 14=[[458, 914, 411, 412, 349, 350, 992, 181, 247, 699]]} | 128.66 | 129.44
O50 | {66=[12], 259=[17], 451=[3], 643=[2], 261=[18], 69=[1], 582=[19], 588=[9], 396=[9], 653=[9], 526=[1], 81=[16], 850=[18], 855=[2], 985=[17], 154=[12], 282=[2], 924=[1], 33=[19], 162=[12], 930=[18], 34=[19], 356=[17], 165=[3], 229=[3], 999=[18], 424=[18], 105=[17], 682=[3], 812=[18], 878=[9], 750=[19], 48=[19], 690=[2], 50=[1], 627=[9], 309=[5], 693=[3], 117=[3], 886=[1], 951=[2], 184=[9], 825=[9], 572=[16], 124=[2], 958=[9], 575=[12]} | {16=[[81, 572]], 17=[[259, 985, 356, 105]], 1=[[69, 526, 924, 50, 886]], 2=[[643, 855, 282, 690, 951, 124]], 18=[[261, 850, 930, 999, 424, 812]], 3=[[451, 165, 229, 682, 693, 117]], 19=[[582, 33, 34, 750, 48]], 5=[[309]], 9=[[588, 396, 653, 878, 627, 184, 825, 958]], 12=[[66, 154, 162, 575]]} | 134.31 | 129.44
O53 | {578=[2], 387=[5], 964=[1], 645=[11], 773=[2], 453=[11], 262=[18], 839=[18], 968=[11], 73=[11], 140=[7], 207=[1], 719=[7], 274=[7], 86=[7], 409=[12], 666=[6], 282=[2], 475=[13], 92=[7], 989=[13], 158=[6], 31=[5], 288=[12], 931=[2], 425=[18], 427=[9], 237=[7], 942=[1], 240=[7], 945=[11], 50=[1], 114=[7], 627=[9], 371=[2], 499=[18], 52=[1], 628=[13], 758=[1], 439=[13], 825=[9], 185=[9], 186=[12], 443=[18], 638=[6], 639=[6]} | {1=[[964, 207, 942, 50, 52, 758]], 2=[[578, 773, 282, 371], [931]], 18=[[262, 839, 425, 499, 443]], 5=[[387, 31]], 6=[[666, 158, 638, 639]], 7=[[140, 719, 274, 86, 92, 237, 240, 114]], 9=[[427, 627, 825, 185]], 11=[[645, 453, 968, 73, 945]], 12=[[409, 288, 186]], 13=[[475, 989, 628, 439]]} | 153.27 | 129.44
O52 | {512=[16], 258=[3], 132=[2], 838=[18], 519=[15], 776=[2], 649=[15], 717=[3], 592=[14], 976=[15], 80=[7], 916=[3], 853=[18], 662=[11], 663=[11], 472=[3], 921=[7], 154=[12], 603=[2], 414=[4], 352=[3], 801=[15], 354=[3], 483=[11], 292=[3], 741=[18], 293=[3], 614=[12], 166=[3], 103=[14], 935=[2], 424=[18], 681=[3], 361=[3], 298=[7], 813=[18], 302=[15], 817=[14], 435=[3], 500=[18], 54=[3], 953=[2], 762=[15], 507=[7], 828=[7], 764=[15], 127=[16]} | {16=[[512, 127]], 2=[[132, 776, 603, 935, 953]], 18=[[838, 853, 741, 424, 813, 500]], 3=[[258, 717, 916, 472, 352, 354, 292, 293, 166, 681, 361, 435, 54]], 4=[[414]], 7=[[80, 921, 298, 507, 828]], 11=[[662, 663, 483]], 12=[[154, 614]], 14=[[592, 103, 817]], 15=[[519, 649, 976, 801, 302, 762, 764]]} | 127.94000000000001 | 128.69
O55 | {512=[16], 321=[13], 129=[8], 386=[5], 261=[18], 262=[18], 903=[14], 456=[1], 842=[1], 204=[20], 718=[5], 206=[1], 848=[16], 81=[16], 401=[5], 531=[18], 980=[20], 277=[5], 216=[16], 152=[3], 792=[16], 153=[3], 602=[20], 31=[5], 352=[3], 928=[18], 354=[3], 98=[3], 163=[14], 548=[8], 550=[8], 743=[16], 999=[18], 39=[14], 103=[14], 553=[14], 297=[5], 681=[3], 554=[18], 622=[4], 49=[1], 434=[13], 307=[14], 243=[8], 756=[4], 949=[14], 380=[1], 253=[16]} | {16=[[512, 848, 81, 216, 792, 743, 253]], 1=[[456, 842, 206, 49, 380]], 18=[[261, 262, 531, 928, 999, 554]], 3=[[152, 153, 352, 354, 98, 681]], 20=[[204, 980, 602]], 4=[[622, 756]], 5=[[386, 718, 401, 277, 31, 297]], 8=[[129, 548, 550, 243]], 13=[[321, 434]], 14=[[903, 163, 39, 103, 553, 307, 949]]} | 131.23 | 129.44
O54 | {897=[10], 133=[2], 135=[11], 394=[4], 652=[9], 396=[9], 783=[4], 656=[4], 274=[7], 662=[11], 173=[7], 46=[19], 431=[2], 307=[14], 308=[14], 180=[14], 828=[7], 63=[10], 192=[19], 705=[19], 578=[2], 584=[19], 968=[11], 712=[13], 586=[9], 593=[14], 978=[11], 596=[4], 470=[13], 475=[13], 860=[11], 350=[14], 607=[7], 995=[10], 740=[13], 617=[2], 749=[10], 367=[4], 239=[7], 112=[7], 881=[9], 626=[9], 755=[10], 756=[4], 245=[10], 757=[4], 631=[2], 378=[10], 636=[16]} | {16=[[636]], 2=[[133, 431, 578, 617, 631]], 19=[[46, 192, 705, 584]], 4=[[394, 783, 656, 596, 367, 756, 757]], 7=[[274, 173, 828, 607, 239, 112]], 9=[[652, 396, 586, 881, 626]], 10=[[897, 63, 995, 749, 755, 245, 378]], 11=[[135, 662, 968, 978, 860]], 13=[[712, 470, 475, 740]], 14=[[307, 308, 180, 593, 350]]} | 139.03 | 128.69
O57 | {1=[12], 769=[19], 259=[17], 387=[5], 711=[13], 199=[1], 909=[19], 591=[17], 401=[5], 337=[10], 408=[12], 728=[15], 155=[12], 412=[14], 29=[5], 734=[14], 543=[15], 34=[19], 866=[19], 418=[19], 551=[14], 103=[14], 39=[14], 873=[10], 748=[10], 492=[17], 752=[10], 816=[14], 624=[14], 49=[1], 434=[13], 308=[14], 373=[16], 629=[13], 502=[12], 887=[1], 568=[13], 440=[15], 249=[14], 572=[16], 188=[15], 764=[15], 253=[16], 765=[17], 701=[16], 62=[10], 190=[15], 191=[15]} | {16=[[373, 572, 253, 701]], 17=[[259, 591, 492, 765]], 1=[[199, 49, 887]], 19=[[769, 909, 34, 866, 418]], 5=[[387, 401, 29]], 10=[[337, 873, 748, 752, 62]], 12=[[1, 408, 155, 502]], 13=[[711, 434, 629, 568]], 14=[[412, 734, 551, 103, 39, 816, 624, 308, 249]], 15=[[728, 543, 440, 188, 190, 191], [764]]} | 136.34 | 129.44
O56 | {129=[8], 138=[7], 271=[20], 917=[3], 534=[8], 791=[16], 25=[13], 153=[3], 924=[1], 546=[3], 677=[8], 681=[3], 811=[9], 173=[7], 51=[1], 53=[3], 438=[13], 439=[13], 954=[18], 187=[12], 444=[18], 701=[16], 829=[20], 702=[16], 959=[9], 832=[7], 454=[20], 711=[13], 841=[1], 971=[18], 334=[20], 848=[16], 211=[9], 851=[18], 472=[3], 344=[20], 731=[9], 987=[16], 227=[8], 99=[12], 101=[12], 998=[18], 615=[12], 113=[7], 116=[3], 629=[13], 887=[1], 505=[7], 251=[16]} | {16=[[791, 701, 702, 848, 987, 251]], 1=[[924, 51, 841, 887]], 18=[[954, 444, 971, 851, 998]], 3=[[917, 153, 546, 681, 53, 472, 116]], 20=[[271, 829, 454, 334, 344]], 7=[[138, 173, 832, 113, 505]], 8=[[129, 534, 677, 227]], 9=[[811, 959, 211, 731]], 12=[[187, 99, 101, 615]], 13=[[25, 438, 439, 711, 629]]} | 138.81 | 129.44
O59 | {641=[2], 385=[17], 195=[1], 260=[17], 712=[13], 328=[2], 201=[7], 77=[17], 80=[7], 595=[4], 790=[16], 214=[2], 791=[16], 985=[17], 921=[7], 473=[17], 26=[13], 283=[10], 475=[13], 925=[10], 480=[10], 34=[19], 738=[2], 931=[2], 356=[17], 167=[5], 935=[2], 297=[5], 105=[17], 619=[4], 747=[10], 940=[19], 492=[17], 685=[17], 493=[17], 622=[4], 114=[7], 370=[2], 883=[19], 629=[13], 630=[13], 505=[7], 377=[10], 634=[16], 250=[16], 381=[1], 254=[17], 447=[10]} | {16=[[790, 791, 634, 250]], 17=[[385, 260, 77, 985, 473, 356, 105, 492, 685, 493, 254]], 1=[[195, 381]], 2=[[641, 328, 214, 738, 931, 935, 370]], 19=[[34, 940, 883]], 4=[[595, 619, 622]], 5=[[167, 297]], 7=[[201, 80, 921, 114, 505]], 10=[[283, 925, 480, 747, 377, 447]], 13=[[712, 26, 475, 629, 630]]} | 139.16 | 129.44
O58 | {897=[10], 12=[6], 657=[6], 401=[5], 148=[10], 276=[3], 660=[6], 532=[18], 789=[4], 666=[6], 284=[10], 928=[18], 675=[10], 292=[3], 168=[5], 428=[9], 306=[18], 821=[9], 311=[6], 184=[9], 314=[3], 827=[7], 443=[18], 62=[10], 576=[6], 453=[11], 710=[11], 73=[11], 460=[11], 972=[5], 600=[18], 860=[11], 605=[10], 223=[7], 354=[3], 229=[3], 871=[10], 619=[4], 621=[4], 494=[5], 623=[6], 497=[5], 242=[8], 626=[9], 115=[7], 377=[10], 506=[7], 507=[7], 637=[6]} | {18=[[532, 928, 306, 443, 600]], 3=[[276, 292, 314, 354, 229]], 4=[[789, 619, 621]], 5=[[401, 168, 972, 494, 497]], 6=[[12, 657, 660, 666, 311, 576, 623, 637]], 7=[[827, 223, 115, 506, 507]], 8=[[242]], 9=[[428, 821, 184, 626]], 10=[[897, 148, 284, 675, 62, 605, 871, 377]], 11=[[453, 710, 73, 460, 860]]} | 134.86 | 127.2
O60 | {1=[12], 897=[10], 262=[18], 396=[9], 912=[14], 19=[10], 20=[10], 533=[8], 149=[18], 25=[13], 155=[12], 283=[10], 285=[10], 671=[8], 161=[10], 163=[14], 680=[8], 425=[18], 816=[14], 947=[14], 313=[6], 441=[15], 442=[18], 956=[12], 575=[12], 960=[20], 448=[10], 321=[13], 68=[12], 325=[15], 454=[20], 970=[18], 716=[8], 850=[18], 980=[20], 341=[18], 213=[13], 858=[15], 730=[15], 859=[15], 93=[9], 95=[9], 485=[14], 489=[10], 748=[10], 752=[10], 626=[9], 246=[10], 120=[14], 889=[10]} | {18=[[262, 149, 425, 442, 970, 850, 341]], 20=[[960, 454, 980]], 6=[[313]], 8=[[533, 671, 680, 716]], 9=[[396, 93, 95, 626]], 10=[[897, 19, 20, 283, 285, 161, 448, 489, 748, 752, 246, 889]], 12=[[1, 155, 956, 575, 68]], 13=[[25, 321, 213]], 14=[[912, 163, 816, 947, 485, 120]], 15=[[441, 325, 858, 730, 859]]} | 133.42000000000002 | 128.69
O62 | {320=[13], 450=[10], 453=[11], 646=[11], 648=[15], 202=[18], 587=[9], 140=[7], 397=[3], 79=[7], 80=[7], 848=[16], 850=[18], 404=[18], 276=[3], 853=[18], 981=[15], 342=[18], 919=[7], 663=[11], 153=[3], 735=[14], 992=[14], 483=[11], 868=[13], 871=[10], 999=[18], 103=[14], 810=[9], 682=[3], 362=[3], 555=[18], 171=[7], 748=[10], 45=[3], 173=[7], 687=[7], 373=[16], 55=[3], 376=[10], 120=[14], 826=[7], 59=[14], 316=[3], 61=[14], 191=[15], 63=[10]} | {16=[[848, 373]], 18=[[202, 850, 404, 853, 342, 999, 555]], 3=[[397, 276, 153, 682, 362, 45, 55, 316]], 7=[[140, 79, 80, 919, 171, 173, 687, 826]], 9=[[587, 810]], 10=[[450, 871, 748, 376, 63]], 11=[[453, 646, 663, 483]], 13=[[320, 868]], 14=[[735, 992, 103, 120, 59, 61]], 15=[[648, 981, 191]]} | 124.05000000000003 | 128.69
O61 | {898=[10], 901=[17], 134=[11], 264=[14], 648=[15], 10=[19], 141=[11], 270=[10], 912=[14], 658=[6], 661=[11], 158=[6], 799=[15], 159=[6], 160=[10], 33=[19], 548=[8], 423=[9], 551=[14], 811=[9], 944=[11], 948=[14], 820=[9], 437=[19], 565=[11], 438=[13], 312=[6], 696=[19], 824=[9], 64=[10], 65=[10], 450=[10], 963=[6], 582=[19], 845=[15], 729=[15], 605=[10], 349=[14], 862=[11], 736=[13], 993=[14], 225=[17], 867=[19], 359=[19], 232=[10], 105=[17], 876=[13], 878=[9], 884=[19], 245=[10]} | {17=[[901, 225, 105]], 19=[[10, 33, 437, 696, 582, 867, 359, 884]], 6=[[658, 158, 159, 312, 963]], 8=[[548]], 9=[[423, 811, 820, 824, 878]], 10=[[898, 270, 160, 64, 65, 450, 605, 232, 245]], 11=[[134, 141, 661, 944, 565, 862]], 13=[[438, 736, 876]], 14=[[264, 912, 551, 948, 349, 993]], 15=[[648, 799, 845, 729]]} | 131.15 | 128.69
O64 | {576=[6], 130=[8], 900=[17], 581=[4], 133=[2], 710=[11], 134=[11], 137=[11], 911=[14], 719=[7], 847=[16], 17=[20], 914=[14], 725=[17], 854=[2], 90=[7], 602=[20], 411=[14], 988=[16], 796=[20], 412=[14], 733=[11], 670=[8], 225=[17], 227=[8], 934=[2], 550=[8], 936=[2], 105=[17], 619=[4], 171=[7], 237=[7], 686=[17], 623=[6], 368=[2], 240=[7], 177=[17], 114=[7], 562=[17], 371=[2], 180=[14], 183=[8], 632=[2], 697=[14], 702=[16], 766=[17], 511=[7]} | {16=[[847, 988, 702]], 17=[[900, 725, 225, 105, 686, 177, 562, 766]], 2=[[133, 934, 936, 368, 371, 632], [854]], 4=[[581, 619]], 20=[[17, 602, 796]], 6=[[576, 623]], 7=[[719, 90, 171, 237, 240, 114, 511]], 8=[[130, 670, 227, 550, 183]], 11=[[710, 134, 137, 733]], 14=[[911, 914, 411, 412, 180, 697]]} | 141.76999999999998 | 128.48
O63 | {898=[10], 5=[7], 645=[11], 401=[5], 532=[18], 533=[8], 662=[11], 534=[8], 793=[12], 153=[3], 795=[12], 30=[5], 927=[10], 160=[10], 930=[18], 424=[18], 299=[7], 300=[7], 304=[18], 432=[6], 306=[18], 692=[3], 311=[6], 314=[3], 957=[9], 574=[12], 66=[12], 963=[6], 68=[12], 330=[6], 331=[6], 83=[12], 85=[7], 86=[7], 986=[5], 92=[7], 95=[9], 227=[8], 614=[12], 487=[3], 744=[10], 361=[3], 878=[9], 880=[9], 627=[9], 503=[12], 376=[10], 892=[10], 638=[6]} | {18=[[532, 930, 424, 304, 306]], 3=[[153, 692, 314, 487, 361]], 5=[[401, 30, 986]], 6=[[432, 311, 963, 330, 331, 638]], 7=[[5, 299, 300, 85, 86, 92]], 8=[[533, 534, 227]], 9=[[957, 95, 878, 880, 627]], 10=[[898, 927, 160, 744, 376, 892]], 11=[[645, 662]], 12=[[793, 795, 574, 66, 68, 83, 614, 503]]} | 137.91 | 128.69
O66 | {832=[7], 960=[20], 450=[10], 834=[15], 836=[15], 8=[17], 200=[5], 648=[15], 714=[15], 970=[18], 333=[20], 653=[9], 911=[14], 400=[5], 722=[15], 19=[10], 532=[18], 84=[7], 853=[18], 919=[7], 600=[18], 985=[17], 730=[15], 538=[10], 410=[14], 734=[14], 926=[10], 735=[14], 610=[15], 227=[8], 356=[17], 164=[14], 741=[18], 167=[5], 231=[10], 491=[17], 812=[18], 685=[17], 753=[10], 178=[17], 183=[8], 441=[15], 889=[10], 764=[15], 189=[15]} | {17=[[8, 985, 356, 491, 685, 178]], 18=[[970, 532, 853, 600, 741, 812]], 20=[[960, 333]], 5=[[200, 400, 167]], 7=[[832, 84, 919]], 8=[[227, 183]], 9=[[653]], 10=[[450, 19, 538, 926, 231, 753, 889]], 14=[[911, 410, 734, 735, 164]], 15=[[834, 836, 648, 714, 722, 730, 610, 441, 764, 189]]} | 118.22999999999999 | 125.11
O65 | {642=[2], 3=[5], 387=[5], 771=[2], 4=[18], 645=[11], 712=[13], 73=[11], 457=[14], 905=[2], 522=[4], 16=[14], 464=[12], 530=[18], 850=[18], 980=[20], 341=[18], 21=[17], 342=[18], 663=[11], 856=[2], 603=[2], 155=[12], 411=[14], 989=[13], 797=[20], 929=[18], 289=[12], 737=[2], 162=[12], 740=[13], 551=[14], 616=[2], 813=[18], 814=[18], 559=[2], 304=[18], 177=[17], 307=[14], 948=[14], 181=[14], 503=[12], 697=[14], 508=[17], 61=[14], 766=[17], 382=[17]} | {17=[[21, 177, 508, 766, 382]], 2=[[642, 771, 905, 856, 603, 737, 616, 559]], 18=[[4, 530, 850, 341, 342, 929, 813, 814, 304]], 4=[[522]], 20=[[980, 797]], 5=[[3, 387]], 11=[[645, 73, 663]], 12=[[464, 155, 289, 162, 503]], 13=[[712, 989, 740]], 14=[[457, 16, 411, 551, 307, 948, 181, 697, 61]]} | 136.43 | 128.69
O68 | {770=[19], 387=[5], 772=[2], 904=[14], 265=[14], 650=[15], 908=[19], 524=[4], 654=[4], 656=[4], 913=[14], 529=[15], 534=[8], 535=[8], 412=[14], 414=[4], 933=[2], 678=[8], 425=[18], 947=[14], 437=[19], 310=[5], 440=[15], 446=[8], 318=[19], 831=[20], 836=[15], 709=[15], 454=[20], 327=[2], 328=[2], 584=[19], 968=[11], 457=[14], 458=[14], 718=[5], 593=[14], 979=[11], 341=[18], 854=[2], 600=[18], 347=[14], 478=[19], 863=[11], 609=[15], 359=[19], 366=[4], 249=[14], 122=[2]} | {2=[[772, 933, 327, 328, 854, 122]], 18=[[425, 341, 600]], 19=[[770, 908, 437, 318, 584, 478, 359]], 4=[[524, 654, 656, 414, 366]], 20=[[831, 454]], 5=[[387, 310, 718]], 8=[[534, 535, 678, 446]], 11=[[968, 979, 863]], 14=[[904, 265, 913, 412, 947, 457, 458, 593, 347, 249]], 15=[[650, 529, 440, 836, 709, 609]]} | 131.84 | 128.48
O67 | {260=[17], 517=[1], 905=[2], 651=[9], 523=[4], 525=[4], 782=[1], 15=[8], 17=[20], 531=[18], 533=[8], 942=[1], 304=[18], 818=[2], 51=[1], 564=[11], 52=[1], 566=[11], 184=[9], 703=[16], 198=[1], 967=[4], 199=[1], 839=[18], 841=[1], 969=[11], 334=[20], 208=[16], 211=[9], 597=[4], 599=[18], 855=[2], 856=[2], 857=[2], 731=[9], 738=[2], 739=[4], 486=[8], 1000=[18], 234=[17], 108=[17], 879=[9], 241=[8], 498=[2], 242=[8], 499=[18], 886=[1], 760=[1], 381=[1]} | {16=[[703, 208]], 17=[[260, 234, 108]], 1=[[517, 782, 942, 51, 52, 198, 199, 841, 886, 760, 381]], 2=[[905, 818, 855, 856, 857, 738, 498]], 18=[[531, 304, 839, 599, 1000, 499]], 4=[[523, 525, 967, 597, 739]], 20=[[17, 334]], 8=[[15, 533, 486, 241, 242]], 9=[[651, 184, 211, 731, 879]], 11=[[564, 566, 969]]} | 144.58999999999997 | 129.44
O69 | {130=[8], 322=[13], 67=[12], 516=[1], 964=[1], 70=[1], 710=[11], 134=[11], 199=[1], 968=[11], 588=[9], 652=[9], 268=[10], 526=[1], 463=[6], 720=[8], 209=[6], 148=[10], 20=[10], 537=[10], 666=[6], 539=[10], 93=[9], 925=[10], 862=[11], 222=[4], 415=[4], 357=[17], 614=[12], 679=[8], 423=[9], 235=[17], 428=[9], 876=[13], 685=[17], 558=[6], 686=[17], 945=[11], 178=[17], 52=[1], 439=[13], 759=[1], 568=[13], 377=[10], 890=[10], 254=[17], 958=[9], 575=[12]} | {1=[[516, 964, 70, 199, 526, 52, 759]], 17=[[357, 235, 685, 686, 178, 254]], 4=[[222, 415]], 6=[[463, 209, 666, 558]], 8=[[130, 720, 679]], 9=[[588, 652, 93, 423, 428, 958]], 10=[[268, 148, 20, 537, 539, 925, 377, 890]], 11=[[710, 134, 968, 862, 945]], 12=[[67, 614, 575]], 13=[[322, 876, 439, 568]]} | 143.03 | 129.44
O100 | {576=[6], 258=[3], 963=[6], 387=[5], 838=[18], 263=[18], 205=[20], 717=[3], 974=[20], 15=[8], 272=[20], 144=[20], 18=[20], 851=[18], 214=[2], 406=[18], 598=[18], 855=[2], 856=[2], 792=[16], 857=[2], 155=[12], 540=[16], 479=[19], 287=[12], 352=[3], 929=[18], 98=[3], 996=[18], 292=[3], 613=[12], 166=[3], 359=[19], 809=[19], 815=[18], 368=[2], 818=[2], 499=[18], 309=[5], 694=[19], 312=[6], 57=[6], 250=[16], 187=[12], 572=[16], 317=[19], 831=[20]} | {16=[[792, 540, 250, 572]], 18=[[838, 263, 851, 406, 598, 929, 996, 815, 499]], 2=[[214, 855, 856, 857, 368, 818]], 3=[[258, 717, 352, 98, 292, 166]], 19=[[479, 359, 809, 694, 317]], 20=[[205, 974, 272, 144, 18, 831]], 5=[[387, 309]], 6=[[576, 963, 312, 57]], 8=[[15]], 12=[[155, 287, 613, 187]]} | 133.43 | 128.69
O71 | {128=[18], 513=[16], 130=[8], 260=[17], 261=[18], 709=[15], 454=[20], 903=[14], 267=[10], 971=[18], 845=[15], 973=[20], 208=[16], 272=[20], 593=[14], 81=[16], 913=[14], 594=[14], 18=[20], 851=[18], 725=[17], 981=[15], 213=[13], 342=[18], 216=[16], 664=[4], 602=[20], 859=[15], 668=[13], 670=[8], 609=[15], 481=[10], 482=[15], 930=[18], 739=[4], 996=[18], 421=[15], 875=[4], 754=[10], 308=[14], 180=[14], 757=[4], 246=[10], 376=[10], 189=[15], 509=[17], 829=[20], 191=[15]} | {16=[[513, 208, 81, 216]], 17=[[260, 725, 509]], 18=[[128, 261, 971, 851, 342, 930, 996]], 20=[[454, 973, 272, 18, 602, 829]], 4=[[664, 739, 875, 757]], 8=[[130, 670]], 10=[[267, 481, 754, 246, 376]], 13=[[213, 668]], 14=[[903, 593, 913, 594, 308, 180]], 15=[[709, 845, 981, 859, 609, 482, 421, 189, 191]]} | 125.56 | 128.69
O70 | {386=[5], 3=[5], 4=[18], 5=[7], 135=[11], 136=[11], 521=[15], 14=[8], 142=[12], 530=[18], 531=[18], 277=[5], 662=[11], 920=[7], 671=[8], 420=[15], 549=[8], 294=[5], 807=[19], 809=[19], 554=[18], 938=[19], 171=[7], 940=[19], 566=[11], 695=[19], 186=[12], 319=[19], 192=[19], 960=[20], 705=[19], 707=[15], 68=[12], 965=[1], 971=[18], 460=[11], 716=[8], 719=[7], 339=[7], 980=[20], 341=[18], 727=[15], 215=[15], 601=[18], 483=[11], 101=[12], 885=[1], 759=[1], 507=[7]} | {1=[[965, 885, 759]], 18=[[4, 530, 531, 554, 971, 341, 601]], 19=[[807, 809, 938, 940, 695, 319, 192, 705]], 20=[[960, 980]], 5=[[386, 3, 277, 294]], 7=[[5, 920, 171, 719, 339, 507]], 8=[[14, 671, 549, 716]], 11=[[135, 136, 662, 566, 460, 483]], 12=[[142, 186, 68, 101]], 15=[[521, 420, 707, 727, 215]]} | 135.96 | 129.44
O73 | {64=[10], 449=[10], 5=[7], 197=[15], 453=[11], 710=[11], 711=[13], 968=[11], 265=[14], 457=[14], 845=[15], 400=[5], 912=[14], 273=[20], 210=[13], 18=[20], 275=[7], 212=[10], 278=[15], 662=[11], 727=[15], 919=[7], 345=[20], 602=[20], 283=[10], 348=[9], 477=[14], 221=[15], 798=[20], 350=[14], 351=[14], 735=[14], 673=[10], 545=[15], 740=[13], 167=[5], 295=[5], 553=[14], 876=[13], 877=[13], 878=[9], 494=[5], 754=[10], 949=[14], 630=[13], 439=[13], 507=[7], 700=[16]} | {16=[[700]], 20=[[273, 18, 345, 602, 798]], 5=[[400, 167, 295, 494]], 7=[[5, 275, 919, 507]], 9=[[348, 878]], 10=[[64, 449, 212, 283, 673, 754]], 11=[[453, 710, 968, 662]], 13=[[711, 210, 740, 876, 877, 630, 439]], 14=[[265, 457, 912, 477, 350, 351, 735, 553, 949]], 15=[[197, 845, 278, 727, 221, 545]]} | 129.35999999999999 | 128.69
O72 | {576=[6], 640=[6], 578=[2], 579=[4], 772=[2], 965=[1], 392=[12], 331=[6], 397=[3], 782=[1], 142=[12], 974=[20], 783=[4], 848=[16], 144=[20], 464=[12], 465=[16], 657=[6], 594=[14], 914=[14], 216=[16], 154=[12], 350=[14], 993=[14], 163=[14], 36=[20], 164=[14], 293=[3], 682=[3], 941=[1], 494=[5], 625=[14], 116=[3], 52=[1], 948=[14], 822=[6], 632=[2], 760=[1], 121=[2], 250=[16], 315=[3], 125=[16], 575=[12], 703=[16]} | {16=[[848, 465, 216, 250, 125, 703]], 1=[[965, 782, 941, 52, 760]], 2=[[578, 772, 632, 121]], 3=[[397, 293, 682, 116, 315]], 4=[[579, 783]], 20=[[974, 144, 36]], 5=[[494]], 6=[[576, 640, 331, 657, 822]], 12=[[392, 142, 464, 154, 575]], 14=[[594, 914, 350, 993, 163, 164, 625, 948]]} | 134.26 | 129.44
O75 | {771=[2], 901=[17], 776=[2], 395=[19], 908=[19], 652=[9], 654=[4], 403=[17], 788=[4], 20=[10], 281=[2], 539=[10], 29=[5], 158=[6], 672=[10], 416=[19], 32=[19], 673=[10], 37=[20], 167=[5], 808=[19], 943=[9], 820=[9], 823=[6], 184=[9], 957=[9], 829=[20], 958=[9], 831=[20], 704=[19], 582=[19], 333=[20], 974=[20], 462=[6], 847=[16], 591=[17], 208=[16], 82=[16], 94=[9], 991=[20], 479=[19], 356=[17], 743=[16], 108=[17], 367=[4], 111=[19], 635=[16], 636=[16], 765=[17], 383=[17]} | {16=[[847, 208, 82, 743, 635, 636]], 17=[[901, 403, 591, 356, 108, 765, 383]], 2=[[771, 776, 281]], 19=[[395, 908, 416, 32, 808, 704, 582, 479, 111]], 4=[[654, 788, 367]], 20=[[37, 829, 831, 333, 974, 991]], 5=[[29, 167]], 6=[[158, 823, 462]], 9=[[652, 943, 820, 184, 957, 958, 94]], 10=[[20, 539, 672, 673]]} | 133.52 | 128.48
O74 | {1=[12], 578=[2], 387=[5], 899=[1], 520=[15], 588=[9], 845=[15], 655=[4], 784=[4], 81=[16], 275=[7], 788=[4], 981=[15], 87=[7], 856=[2], 858=[15], 282=[2], 91=[7], 992=[14], 289=[12], 545=[15], 551=[14], 41=[1], 426=[9], 170=[7], 495=[5], 431=[2], 368=[2], 689=[2], 371=[2], 627=[9], 310=[5], 502=[12], 887=[1], 697=[14], 825=[9], 185=[9], 634=[16], 59=[14], 636=[16], 252=[16], 381=[1], 574=[12], 511=[7], 127=[16], 703=[16]} | {16=[[81, 634, 636, 252, 127, 703]], 1=[[899, 41, 887, 381]], 2=[[578, 856, 282, 431, 368, 689, 371]], 4=[[655, 784, 788]], 5=[[387, 495, 310]], 7=[[275, 87, 91, 170, 511]], 9=[[588, 426, 627, 825, 185]], 12=[[1, 289, 502, 574]], 14=[[992, 551, 697, 59]], 15=[[520, 845, 981, 858, 545]]} | 136.9 | 129.44
O77 | {4=[18], 837=[18], 262=[18], 584=[19], 395=[19], 332=[6], 400=[5], 210=[13], 851=[18], 85=[7], 341=[18], 601=[18], 25=[13], 155=[12], 795=[12], 92=[7], 541=[6], 351=[14], 223=[7], 479=[19], 928=[18], 352=[3], 33=[19], 162=[12], 868=[13], 740=[13], 996=[18], 485=[14], 487=[3], 169=[5], 363=[3], 44=[3], 364=[3], 814=[18], 111=[19], 817=[14], 949=[14], 693=[3], 117=[3], 55=[3], 56=[6], 443=[18], 829=[20], 318=[19], 638=[6], 574=[12], 511=[7]} | {18=[[4, 837, 262, 851, 341, 601, 928, 996, 814, 443]], 19=[[584, 395, 479, 33, 111, 318]], 3=[[352, 487, 363, 44, 364, 693, 117, 55]], 20=[[829]], 5=[[400, 169]], 6=[[332, 541, 56, 638]], 7=[[85, 92, 223, 511]], 12=[[155, 795, 162, 574]], 13=[[210, 25, 868, 740]], 14=[[351, 485, 817, 949]]} | 132.17000000000002 | 128.69
O76 | {260=[17], 5=[7], 137=[11], 906=[2], 143=[12], 401=[5], 916=[3], 917=[3], 919=[7], 24=[17], 920=[7], 793=[12], 286=[10], 162=[12], 294=[5], 167=[5], 297=[5], 170=[7], 45=[3], 173=[7], 432=[6], 946=[11], 563=[17], 565=[11], 310=[5], 963=[6], 329=[2], 74=[11], 210=[13], 85=[7], 854=[2], 87=[7], 856=[2], 984=[17], 733=[11], 863=[11], 480=[10], 737=[2], 225=[17], 615=[12], 744=[10], 747=[10], 748=[10], 369=[2], 115=[7], 502=[12], 509=[17], 510=[13], 255=[5]} | {17=[[260, 24, 563, 984, 225, 509]], 2=[[906, 329, 854, 856, 737, 369]], 3=[[916, 917, 45]], 5=[[401, 294, 167, 297, 310, 255]], 6=[[432, 963]], 7=[[5, 919, 920, 170, 173, 85, 87, 115]], 10=[[286, 480, 744, 747, 748]], 11=[[137, 946, 565, 74, 733, 863]], 12=[[143, 793, 162, 615, 502]], 13=[[210, 510]]} | 141.78 | 128.69
O79 | {705=[19], 833=[7], 770=[19], 68=[12], 965=[1], 837=[18], 6=[6], 263=[18], 712=[13], 10=[19], 202=[18], 138=[7], 848=[16], 593=[14], 210=[13], 275=[7], 599=[18], 216=[16], 666=[6], 475=[13], 923=[1], 924=[1], 542=[6], 288=[12], 864=[19], 997=[18], 293=[3], 552=[14], 425=[18], 809=[19], 682=[3], 940=[19], 941=[1], 942=[1], 240=[7], 624=[14], 305=[18], 373=[16], 501=[12], 502=[12], 822=[6], 759=[1], 504=[7], 120=[14], 442=[18], 125=[16], 381=[1], 317=[19]} | {16=[[848, 216, 373, 125]], 1=[[965, 923, 924, 941, 942, 759, 381]], 18=[[837, 263, 202, 599, 997, 425, 305, 442]], 19=[[705, 770, 10, 864, 809, 940, 317]], 3=[[293, 682]], 6=[[6, 666, 542, 822]], 7=[[833, 138, 275, 240, 504]], 12=[[68, 288, 501, 502]], 13=[[712, 210, 475]], 14=[[593, 552, 624, 120]]} | 139.32 | 129.44
O78 | {128=[18], 451=[3], 579=[4], 195=[1], 771=[2], 68=[12], 971=[18], 204=[20], 973=[20], 77=[17], 78=[17], 591=[17], 783=[4], 336=[20], 661=[11], 149=[18], 663=[11], 474=[17], 604=[2], 413=[4], 353=[3], 290=[3], 355=[17], 291=[3], 101=[12], 614=[12], 806=[17], 423=[9], 487=[3], 617=[2], 106=[17], 107=[17], 431=[2], 880=[9], 176=[1], 688=[2], 690=[2], 818=[2], 756=[4], 503=[12], 55=[3], 444=[18], 956=[12], 957=[9]} | {1=[[195, 176]], 17=[[77, 78, 591, 474, 355, 806, 106, 107]], 18=[[128, 971, 149, 444]], 2=[[771, 604, 617, 431, 688, 690, 818]], 3=[[451, 353, 290, 291, 487, 55]], 4=[[579, 783, 413, 756]], 20=[[204, 973, 336]], 9=[[423, 880, 957]], 11=[[661, 663]], 12=[[68, 101, 614, 503, 956]]} | 133.44 | 129.44
O80 | {897=[10], 130=[8], 642=[2], 900=[17], 132=[2], 143=[12], 529=[15], 23=[17], 279=[15], 27=[2], 285=[10], 671=[8], 160=[10], 800=[15], 931=[2], 676=[10], 549=[8], 38=[10], 550=[8], 166=[3], 938=[19], 45=[3], 686=[17], 431=[2], 563=[17], 435=[3], 179=[17], 564=[11], 438=[13], 63=[10], 575=[12], 450=[10], 451=[3], 460=[11], 210=[13], 854=[2], 983=[2], 88=[3], 729=[15], 474=[17], 990=[13], 352=[3], 482=[15], 611=[11], 995=[10], 228=[8], 231=[10], 872=[10], 750=[19], 630=[13]} | {17=[[900, 23, 686, 563, 179, 474]], 2=[[642, 132, 27, 931, 431, 854, 983]], 3=[[166, 45, 435, 451, 88, 352]], 19=[[938, 750]], 8=[[130, 671, 549, 550, 228]], 10=[[897, 285, 160, 676, 38, 63, 450, 995, 231, 872]], 11=[[564, 460, 611]], 12=[[143, 575]], 13=[[438, 210, 990, 630]], 15=[[529, 279, 800, 729, 482]]} | 136.05 | 128.69
O82 | {640=[6], 513=[16], 900=[17], 5=[7], 135=[11], 201=[7], 330=[6], 650=[15], 11=[6], 139=[7], 652=[9], 76=[17], 653=[9], 461=[11], 718=[5], 207=[1], 400=[5], 208=[16], 337=[10], 659=[6], 85=[7], 216=[16], 728=[15], 473=[17], 985=[17], 730=[15], 667=[15], 859=[15], 283=[10], 733=[11], 542=[6], 223=[7], 160=[10], 480=[10], 612=[11], 42=[1], 494=[5], 942=[1], 879=[9], 753=[10], 627=[9], 244=[10], 375=[16], 505=[7], 764=[15], 573=[16], 383=[17]} | {16=[[513, 208, 216, 375, 573]], 17=[[900, 76, 473, 985, 383]], 1=[[207, 42, 942]], 5=[[718, 400, 494]], 6=[[640, 330, 11, 659, 542]], 7=[[5, 201, 139, 85, 223, 505]], 9=[[652, 653, 879, 627]], 10=[[337, 283, 160, 480, 753, 244]], 11=[[135, 461, 733, 612]], 15=[[650, 728, 730, 667, 859, 764]]} | 130.27 | 129.44
O81 | {769=[19], 385=[17], 260=[17], 773=[2], 6=[6], 7=[17], 11=[6], 909=[19], 403=[17], 921=[7], 931=[2], 932=[2], 294=[5], 806=[17], 679=[8], 938=[19], 556=[6], 300=[7], 173=[7], 430=[2], 687=[7], 182=[8], 823=[6], 571=[16], 827=[7], 828=[7], 961=[6], 330=[6], 972=[5], 847=[16], 848=[16], 720=[8], 339=[7], 854=[2], 343=[19], 89=[17], 475=[13], 356=[17], 357=[17], 234=[17], 238=[7], 370=[2], 629=[13], 502=[12], 630=[13], 124=[2], 765=[17], 510=[13], 894=[6]} | {16=[[571, 847, 848]], 17=[[385, 260, 7, 403, 806, 89, 356, 357, 234, 765]], 2=[[773, 931, 932, 430, 854, 370, 124]], 19=[[769, 909, 938, 343]], 5=[[294, 972]], 6=[[6, 11, 556, 823, 961, 330, 894]], 7=[[921, 300, 173, 687, 827, 828, 339, 238]], 8=[[679, 182, 720]], 12=[[502]], 13=[[475, 629, 630, 510]]} | 142.88000000000002 | 128.69
O84 | {130=[8], 770=[19], 707=[15], 835=[15], 836=[15], 262=[18], 839=[18], 713=[8], 970=[18], 202=[18], 971=[18], 588=[9], 13=[8], 845=[15], 589=[17], 912=[14], 722=[15], 914=[14], 530=[18], 786=[4], 723=[15], 788=[4], 469=[4], 213=[13], 598=[18], 25=[13], 985=[17], 860=[11], 476=[13], 413=[4], 415=[4], 33=[19], 741=[18], 806=[17], 678=[8], 424=[18], 554=[18], 428=[9], 493=[17], 621=[4], 307=[14], 500=[18], 180=[14], 821=[9], 949=[14], 185=[9], 698=[14], 190=[15]} | {17=[[589, 985, 806, 493]], 18=[[262, 839, 970, 202, 971, 530, 598, 741, 424, 554, 500]], 19=[[770, 33]], 4=[[786, 788, 469, 413, 415, 621]], 8=[[130, 713, 13, 678]], 9=[[588, 428, 821, 185]], 11=[[860]], 13=[[213, 25, 476]], 14=[[912, 914, 307, 180, 949, 698]], 15=[[707, 835, 836, 845, 722, 723, 190]]} | 128.39 | 128.69
O83 | {257=[3], 265=[14], 397=[3], 404=[18], 277=[5], 281=[2], 668=[13], 28=[2], 801=[15], 291=[3], 933=[2], 294=[5], 423=[9], 554=[18], 303=[15], 815=[18], 433=[13], 180=[14], 53=[3], 54=[3], 951=[2], 568=[13], 825=[9], 315=[3], 577=[2], 325=[15], 454=[20], 328=[2], 970=[18], 844=[15], 851=[18], 723=[15], 853=[18], 855=[2], 599=[18], 344=[20], 857=[2], 93=[9], 741=[18], 742=[15], 104=[14], 495=[5], 627=[9], 628=[13], 116=[3], 629=[13], 374=[16], 252=[16], 636=[16]} | {16=[[374, 252, 636]], 18=[[404, 554, 815, 970, 851, 853, 599, 741]], 2=[[281, 28, 933, 951, 577, 328, 855, 857]], 3=[[257, 397, 291, 53, 54, 315, 116]], 20=[[454, 344]], 5=[[277, 294, 495]], 9=[[423, 825, 93, 627]], 13=[[668, 433, 568, 628, 629]], 14=[[265, 180, 104]], 15=[[801, 303, 325, 844, 723, 742]]} | 132.08 | 128.69
O86 | {128=[18], 257=[3], 3=[5], 325=[15], 581=[4], 520=[15], 522=[4], 715=[15], 139=[7], 652=[9], 460=[11], 397=[3], 785=[4], 211=[9], 469=[4], 917=[3], 982=[15], 534=[8], 535=[8], 152=[3], 921=[7], 601=[18], 218=[9], 989=[13], 413=[4], 94=[9], 414=[4], 799=[15], 96=[3], 353=[3], 545=[15], 547=[3], 611=[11], 167=[5], 999=[18], 424=[18], 814=[18], 815=[18], 112=[7], 113=[7], 500=[18], 628=[13], 54=[3], 118=[3], 55=[3], 763=[15]} | {18=[[128, 601, 999, 424, 814, 815, 500]], 3=[[257, 397, 917, 152, 96, 353, 547, 54, 118, 55]], 4=[[581, 522, 785, 469, 413, 414]], 5=[[3, 167]], 7=[[139, 921, 112, 113]], 8=[[534, 535]], 9=[[652, 211, 218, 94]], 11=[[460, 611]], 13=[[989, 628]], 15=[[325, 520, 715, 982, 799, 545, 763]]} | 127.27000000000001 | 128.69
O85 | {128=[18], 961=[6], 641=[2], 774=[2], 715=[15], 652=[9], 77=[17], 14=[8], 78=[17], 657=[6], 530=[18], 851=[18], 533=[8], 854=[2], 535=[8], 407=[12], 729=[15], 27=[2], 540=[16], 93=[9], 221=[15], 990=[13], 670=[8], 288=[12], 740=[13], 805=[17], 934=[2], 936=[2], 1000=[18], 617=[2], 426=[9], 563=[17], 500=[18], 628=[13], 373=[16], 503=[12], 951=[2], 121=[2], 953=[2], 187=[12], 765=[17], 957=[9], 190=[15], 126=[16], 638=[6], 639=[6]} | {16=[[540, 373, 126]], 17=[[77, 78, 805, 563, 765]], 18=[[128, 530, 851, 1000, 500]], 2=[[641, 774, 854, 27, 934, 936, 617, 951, 121, 953]], 6=[[961, 657, 638, 639]], 8=[[14, 533, 535, 670]], 9=[[652, 93, 426, 957]], 12=[[407, 288, 503, 187]], 13=[[990, 740, 628]], 15=[[715, 729, 221, 190]]} | 137.45000000000002 | 128.69
O88 | {384=[17], 581=[4], 201=[7], 11=[6], 141=[11], 78=[17], 398=[3], 16=[14], 274=[7], 594=[14], 19=[10], 916=[3], 276=[3], 84=[7], 468=[4], 919=[7], 536=[10], 24=[17], 665=[4], 217=[3], 92=[7], 285=[10], 733=[11], 349=[14], 223=[7], 928=[18], 96=[3], 672=[10], 353=[3], 227=[8], 675=[10], 549=[8], 357=[17], 550=[8], 166=[3], 871=[10], 747=[10], 492=[17], 172=[7], 813=[18], 558=[6], 239=[7], 817=[14], 946=[11], 315=[3], 765=[17], 62=[10], 895=[6]} | {17=[[384, 78, 24, 357, 492, 765]], 18=[[928, 813]], 3=[[398, 916, 276, 217, 96, 353, 166, 315]], 4=[[581, 468, 665]], 6=[[11, 558, 895]], 7=[[201, 274, 84, 919, 92, 223, 172, 239]], 8=[[227, 549, 550]], 10=[[19, 536, 285, 672, 675, 871, 747, 62]], 11=[[141, 733, 946]], 14=[[16, 594, 349, 817]]} | 128.89 | 127.2
O87 | {512=[16], 256=[5], 960=[20], 961=[6], 3=[5], 644=[17], 580=[4], 581=[4], 775=[2], 331=[6], 718=[5], 975=[4], 848=[16], 273=[20], 17=[20], 660=[6], 725=[17], 470=[13], 726=[4], 23=[17], 216=[16], 25=[13], 988=[16], 415=[4], 224=[20], 352=[3], 225=[17], 546=[3], 931=[2], 355=[17], 803=[17], 166=[3], 487=[3], 935=[2], 616=[2], 492=[17], 556=[6], 685=[17], 879=[9], 371=[2], 116=[3], 373=[16], 123=[2], 637=[6], 126=[16], 255=[5], 639=[6]} | {16=[[512, 848, 216, 988, 373, 126]], 17=[[644, 725, 23, 225, 355, 803, 492, 685]], 2=[[775, 931, 935, 616, 371, 123]], 3=[[352, 546, 166, 487, 116]], 20=[[960, 273, 17, 224]], 4=[[580, 581, 975, 726, 415]], 5=[[256, 3, 718, 255]], 6=[[961, 331, 660, 556, 637, 639]], 9=[[879]], 13=[[470, 25]]} | 135.6 | 128.69
O89 | {259=[17], 964=[1], 452=[3], 582=[19], 7=[17], 840=[1], 8=[17], 202=[18], 971=[18], 139=[7], 459=[2], 908=[19], 909=[19], 846=[15], 80=[7], 659=[6], 531=[18], 404=[18], 340=[1], 664=[4], 606=[7], 543=[15], 544=[15], 33=[19], 225=[17], 292=[3], 996=[18], 421=[15], 937=[2], 556=[6], 621=[4], 685=[17], 750=[19], 174=[1], 367=[4], 239=[7], 114=[7], 498=[2], 51=[1], 756=[4], 692=[3], 695=[19], 632=[2], 637=[6], 765=[17], 894=[6], 190=[15]} | {17=[[259, 7, 8, 225, 685, 765]], 1=[[964, 840, 340, 174, 51]], 18=[[202, 971, 531, 404, 996]], 2=[[459, 937, 498, 632]], 3=[[452, 292, 692]], 19=[[582, 908, 909, 33, 750, 695]], 4=[[664, 621, 367, 756]], 6=[[659, 556, 637, 894]], 7=[[139, 80, 606, 239, 114]], 15=[[846, 543, 544, 421, 190]]} | 135.79 | 129.44
O91 | {1=[12], 131=[2], 327=[2], 776=[2], 781=[1], 974=[20], 206=[1], 208=[16], 464=[12], 593=[14], 594=[14], 274=[7], 787=[4], 788=[4], 21=[17], 343=[19], 602=[20], 922=[1], 346=[14], 603=[2], 987=[16], 988=[16], 349=[14], 351=[14], 993=[14], 738=[2], 99=[12], 36=[20], 933=[2], 103=[14], 551=[14], 105=[17], 619=[4], 685=[17], 177=[17], 882=[19], 51=[1], 884=[19], 635=[16], 571=[16], 572=[16], 60=[14], 701=[16], 61=[14], 765=[17], 382=[17], 766=[17]} | {16=[[208, 987, 988, 635, 571, 572, 701]], 1=[[781, 206, 922, 51]], 17=[[21, 105, 685, 177, 765, 382, 766]], 2=[[131, 327, 776, 603, 738, 933]], 19=[[343, 882, 884]], 20=[[974, 602, 36]], 4=[[787, 788, 619]], 7=[[274]], 12=[[1, 464, 99]], 14=[[593, 594, 346, 349, 351, 993, 103, 551, 60, 61]]} | 134.67 | 129.44
O90 | {896=[6], 133=[2], 783=[4], 657=[6], 21=[17], 149=[18], 405=[18], 22=[17], 797=[20], 542=[6], 543=[15], 420=[15], 292=[3], 166=[3], 682=[3], 44=[3], 429=[2], 432=[6], 561=[17], 312=[6], 190=[15], 191=[15], 320=[13], 836=[15], 839=[18], 328=[2], 459=[2], 462=[6], 722=[15], 724=[17], 852=[18], 596=[4], 983=[2], 855=[2], 602=[20], 475=[13], 603=[2], 988=[16], 989=[13], 996=[18], 870=[13], 1000=[18], 362=[3], 493=[17], 623=[6], 372=[16], 119=[3], 632=[2], 253=[16]} | {16=[[988, 372, 253]], 17=[[21, 22, 561, 724, 493]], 2=[[133, 429, 328, 459, 983, 855, 603, 632]], 18=[[149, 405, 839, 852, 996, 1000]], 3=[[292, 166, 682, 44, 362, 119]], 4=[[783, 596]], 20=[[797, 602]], 6=[[896, 657, 542, 432, 312, 462, 623]], 13=[[320, 475, 989, 870]], 15=[[543, 420, 190, 191, 836, 722]]} | 137.57999999999998 | 128.69
O93 | {768=[19], 513=[16], 707=[15], 131=[2], 772=[2], 326=[15], 711=[13], 839=[18], 264=[14], 328=[2], 523=[4], 203=[18], 910=[14], 655=[4], 208=[16], 976=[15], 594=[14], 467=[4], 791=[16], 727=[15], 856=[2], 985=[17], 346=[14], 475=[13], 27=[2], 668=[13], 414=[4], 738=[2], 226=[19], 484=[14], 933=[2], 615=[12], 617=[2], 554=[18], 235=[17], 876=[13], 815=[18], 751=[19], 370=[2], 950=[2], 502=[12], 247=[14], 697=[14], 955=[12], 956=[12], 188=[15], 444=[18], 61=[14]} | {16=[[513, 208, 791]], 17=[[985, 235]], 2=[[131, 772, 328, 856, 27, 738, 933, 617, 370, 950]], 18=[[839, 203, 554, 815, 444]], 19=[[768, 226, 751]], 4=[[523, 655, 467, 414]], 12=[[615, 502, 955, 956]], 13=[[711, 475, 668, 876]], 14=[[264, 910, 594, 346, 484, 247, 697, 61]], 15=[[707, 326, 976, 727, 188]]} | 137.56 | 128.69
O92 | {578=[2], 898=[10], 644=[17], 324=[15], 772=[2], 583=[19], 969=[11], 523=[4], 139=[7], 589=[17], 719=[7], 850=[18], 275=[7], 403=[17], 661=[11], 405=[18], 663=[11], 280=[15], 155=[12], 795=[12], 285=[10], 925=[10], 413=[4], 287=[12], 801=[15], 33=[19], 610=[15], 997=[18], 231=[10], 424=[18], 616=[2], 745=[10], 490=[10], 236=[17], 429=[2], 621=[4], 493=[17], 813=[18], 944=[11], 945=[11], 115=[7], 563=[17], 950=[2], 632=[2], 378=[10], 891=[10], 767=[19]} | {17=[[644, 589, 403, 236, 493, 563]], 2=[[578, 772, 616, 429, 950, 632]], 18=[[850, 405, 997, 424, 813]], 19=[[583, 33, 767]], 4=[[523, 413, 621]], 7=[[139, 719, 275, 115]], 10=[[898, 285, 925, 231, 745, 490, 378, 891]], 11=[[969, 661, 663, 944, 945]], 12=[[155, 795, 287]], 15=[[324, 280, 801, 610]]} | 133.37000000000003 | 128.69
O95 | {65=[10], 899=[1], 515=[20], 4=[18], 453=[11], 645=[11], 517=[1], 70=[1], 263=[18], 137=[11], 202=[18], 460=[11], 780=[1], 846=[15], 911=[14], 335=[20], 208=[16], 273=[20], 465=[16], 145=[20], 210=[13], 82=[16], 722=[15], 981=[15], 150=[18], 793=[12], 987=[16], 795=[12], 539=[10], 861=[11], 991=[20], 736=[13], 544=[15], 162=[12], 420=[15], 740=[13], 37=[20], 103=[14], 872=[10], 490=[10], 302=[15], 499=[18], 628=[13], 181=[14], 379=[1]} | {16=[[208, 465, 82, 987]], 1=[[899, 517, 70, 780, 379]], 18=[[4, 263, 202, 150, 499]], 20=[[515, 335, 273, 145, 991, 37]], 10=[[65, 539, 872, 490]], 11=[[453, 645, 137, 460, 861]], 12=[[793, 795, 162]], 13=[[210, 736, 740, 628]], 14=[[911, 103, 181]], 15=[[846, 722, 981, 544, 420, 302]]} | 130.57000000000002 | 129.44
O94 | {320=[13], 449=[10], 321=[13], 2=[7], 195=[1], 581=[4], 965=[1], 261=[18], 262=[18], 6=[6], 839=[18], 138=[7], 780=[1], 655=[4], 79=[7], 401=[5], 277=[5], 920=[7], 476=[13], 925=[10], 606=[7], 30=[5], 414=[4], 161=[10], 677=[8], 997=[18], 678=[8], 550=[8], 744=[10], 488=[10], 746=[10], 811=[9], 300=[7], 813=[18], 621=[4], 367=[4], 49=[1], 754=[10], 755=[10], 628=[13], 630=[13], 310=[5], 184=[9], 312=[6], 569=[13], 826=[7], 378=[10], 638=[6]} | {1=[[195, 965, 780, 49]], 18=[[261, 262, 839, 997, 813]], 4=[[581, 655, 414, 621, 367]], 5=[[401, 277, 30, 310]], 6=[[6, 312, 638]], 7=[[2, 138, 79, 920, 606, 300, 826]], 8=[[677, 678, 550]], 9=[[811, 184]], 10=[[449, 925, 161, 744, 488, 746, 754, 755, 378]], 13=[[320, 321, 476, 628, 630, 569]]} | 142.25 | 129.44
O97 | {68=[12], 901=[17], 454=[20], 140=[7], 973=[20], 336=[20], 147=[10], 916=[3], 917=[3], 982=[15], 24=[17], 409=[12], 729=[15], 730=[15], 283=[10], 219=[17], 667=[15], 348=[9], 668=[13], 798=[20], 927=[10], 480=[10], 545=[15], 35=[20], 165=[3], 869=[13], 805=[17], 101=[12], 614=[12], 871=[10], 744=[10], 363=[3], 300=[7], 558=[6], 177=[17], 562=[17], 626=[9], 244=[10], 55=[3], 824=[9], 568=[13], 890=[10], 763=[15], 764=[15], 637=[6], 957=[9], 190=[15], 191=[15]} | {17=[[901, 24, 219, 805, 177, 562]], 3=[[916, 917, 165, 363, 55]], 20=[[454, 973, 336, 798, 35]], 6=[[558, 637]], 7=[[140, 300]], 9=[[348, 626, 824, 957]], 10=[[147, 283, 927, 480, 871, 744, 244, 890]], 12=[[68, 409, 101, 614]], 13=[[668, 869, 568]], 15=[[982, 729, 730, 667, 545, 763, 764, 190, 191]]} | 130.35000000000002 | 128.69
O96 | {641=[2], 901=[17], 390=[12], 775=[2], 392=[12], 781=[1], 270=[10], 402=[17], 534=[8], 922=[1], 925=[10], 160=[10], 803=[17], 548=[8], 37=[20], 677=[8], 933=[2], 38=[10], 934=[2], 295=[5], 680=[8], 684=[17], 687=[7], 177=[17], 691=[3], 179=[17], 183=[8], 955=[12], 956=[12], 450=[10], 327=[2], 455=[20], 200=[5], 590=[17], 337=[10], 466=[10], 472=[3], 89=[17], 219=[17], 229=[3], 107=[17], 749=[10], 238=[7], 239=[7], 113=[7], 498=[2], 505=[7], 377=[10], 507=[7], 255=[5]} | {17=[[901, 402, 803, 684, 177, 179, 590, 89, 219, 107]], 1=[[781, 922]], 2=[[641, 775, 933, 934, 327, 498]], 3=[[691, 472, 229]], 20=[[37, 455]], 5=[[295, 200, 255]], 7=[[687, 238, 239, 113, 505, 507]], 8=[[534, 548, 677, 680, 183]], 10=[[270, 925, 160, 38, 450, 337, 466, 749, 377]], 12=[[390, 392, 955, 956]]} | 139.48 | 129.44
O11 | {901=[17], 390=[12], 7=[17], 136=[11], 142=[12], 785=[4], 279=[15], 925=[10], 927=[10], 799=[15], 162=[12], 36=[20], 816=[14], 180=[14], 820=[9], 821=[9], 565=[11], 824=[9], 700=[16], 189=[15], 960=[20], 449=[10], 66=[12], 580=[4], 68=[12], 458=[14], 586=[9], 588=[9], 846=[15], 848=[16], 465=[16], 722=[15], 978=[11], 980=[20], 215=[15], 984=[17], 89=[17], 473=[17], 862=[11], 483=[11], 99=[12], 746=[10], 874=[4], 620=[4], 493=[17], 366=[4], 248=[14], 377=[10], 383=[17]} | {16=[[700, 848, 465]], 17=[[901, 7, 984, 89, 473, 493, 383]], 4=[[785, 580, 874, 620, 366]], 20=[[36, 960, 980]], 9=[[820, 821, 824, 586, 588]], 10=[[925, 927, 449, 746, 377]], 11=[[136, 565, 978, 862, 483]], 12=[[390, 142, 162, 66, 68, 99]], 14=[[816, 180, 458, 248]], 15=[[279, 799, 189, 846, 722, 215]]} | 131.16 | 128.69
O99 | {640=[6], 129=[8], 898=[10], 899=[1], 260=[17], 517=[1], 648=[15], 649=[15], 521=[15], 652=[9], 13=[8], 144=[20], 528=[1], 18=[20], 535=[8], 922=[1], 157=[6], 158=[6], 160=[10], 800=[15], 419=[15], 676=[10], 548=[8], 549=[8], 811=[9], 302=[15], 312=[6], 184=[9], 185=[9], 571=[16], 573=[16], 446=[8], 708=[15], 78=[17], 336=[20], 994=[17], 228=[8], 740=[13], 869=[13], 231=[10], 743=[16], 872=[10], 234=[17], 235=[17], 879=[9], 629=[13], 759=[1], 375=[16], 761=[15]} | {16=[[571, 573, 743, 375]], 1=[[899, 517, 528, 922, 759]], 17=[[260, 78, 994, 234, 235]], 20=[[144, 18, 336]], 6=[[640, 157, 158, 312]], 8=[[129, 13, 535, 548, 549, 446, 228]], 9=[[652, 811, 184, 185, 879]], 10=[[898, 160, 676, 231, 872]], 13=[[740, 869, 629]], 15=[[648, 649, 521, 800, 419, 302, 708, 761]]} | 134.83 | 129.44
O10 | {320=[13], 768=[19], 512=[16], 577=[2], 705=[19], 642=[2], 134=[11], 327=[2], 72=[11], 521=[15], 330=[6], 714=[15], 12=[6], 846=[15], 274=[7], 275=[7], 211=[9], 661=[11], 662=[11], 854=[2], 348=[9], 860=[11], 32=[19], 865=[19], 483=[11], 931=[2], 867=[19], 804=[17], 869=[13], 808=[19], 235=[17], 171=[7], 750=[19], 879=[9], 433=[13], 370=[2], 628=[13], 58=[6], 571=[16], 123=[2], 509=[17], 957=[9], 125=[16], 638=[6]} | {16=[[512, 571, 125]], 17=[[804, 235, 509]], 2=[[577, 642, 327, 854, 931, 370, 123]], 19=[[768, 705, 32, 865, 867, 808, 750]], 6=[[330, 12, 58, 638]], 7=[[274, 275, 171]], 9=[[211, 348, 879, 957]], 11=[[134, 72, 661, 662, 860, 483]], 13=[[320, 869, 433, 628]], 15=[[521, 714, 846]]} | 132.03 | 128.69
O98 | {1=[12], 900=[17], 262=[18], 902=[14], 903=[14], 7=[17], 265=[14], 142=[12], 533=[8], 26=[13], 794=[12], 799=[15], 671=[8], 928=[18], 418=[19], 421=[15], 806=[17], 425=[18], 555=[18], 812=[18], 685=[17], 46=[19], 302=[15], 686=[17], 48=[19], 436=[19], 439=[13], 60=[14], 701=[16], 574=[12], 446=[8], 447=[10], 449=[10], 970=[18], 78=[17], 723=[15], 342=[18], 477=[14], 356=[17], 104=[14], 107=[17], 492=[17], 752=[10], 753=[10], 242=[8], 628=[13], 501=[12], 762=[15], 508=[17]} | {16=[[701]], 17=[[900, 7, 806, 685, 686, 78, 356, 107, 492, 508]], 18=[[262, 928, 425, 555, 812, 970, 342]], 19=[[418, 46, 48, 436]], 8=[[533, 671, 446, 242]], 10=[[447, 449, 752, 753]], 12=[[1, 142, 794, 574, 501]], 13=[[26, 439, 628]], 14=[[902, 903, 265, 60, 477, 104]], 15=[[799, 421, 302, 723, 762]]} | 128.89 | 128.69
O13 | {512=[16], 897=[10], 385=[17], 391=[12], 393=[8], 777=[6], 268=[10], 12=[6], 659=[6], 792=[16], 666=[6], 671=[8], 800=[15], 802=[15], 804=[17], 679=[8], 808=[19], 684=[17], 557=[6], 558=[6], 561=[17], 434=[13], 436=[19], 822=[6], 439=[13], 695=[19], 696=[19], 575=[12], 192=[19], 455=[20], 849=[16], 83=[12], 213=[13], 602=[20], 475=[13], 228=[8], 105=[17], 489=[10], 749=[10], 623=[6], 628=[13], 373=[16], 501=[12], 630=[13], 888=[10], 762=[15], 508=[17], 252=[16], 767=[19]} | {16=[[512, 792, 849, 373, 252]], 17=[[385, 804, 684, 561, 105, 508]], 19=[[808, 436, 695, 696, 192, 767]], 20=[[455, 602]], 6=[[777, 12, 659, 666, 557, 558, 822, 623]], 8=[[393, 671, 679, 228]], 10=[[897, 268, 489, 749, 888]], 12=[[391, 575, 83, 501]], 13=[[434, 439, 213, 475, 628, 630]], 15=[[800, 802, 762]]} | 137.32 | 128.69
O12 | {896=[6], 65=[10], 770=[19], 579=[4], 837=[18], 261=[18], 646=[11], 134=[11], 135=[11], 839=[18], 522=[4], 458=[14], 266=[14], 459=[2], 720=[8], 913=[14], 785=[4], 978=[11], 404=[18], 726=[4], 281=[2], 732=[2], 412=[14], 860=[11], 861=[11], 734=[14], 286=[10], 159=[6], 671=[8], 160=[10], 929=[18], 679=[8], 744=[10], 233=[10], 109=[19], 432=[6], 305=[18], 753=[10], 242=[8], 245=[10], 759=[1], 696=[19], 632=[2], 377=[10], 891=[10], 381=[1], 62=[10]} | {1=[[759, 381]], 18=[[837, 261, 839, 404, 929, 305]], 2=[[459, 281, 732, 632]], 19=[[770, 109, 696]], 4=[[579, 522, 785, 726]], 6=[[896, 159, 432]], 8=[[720, 671, 679, 242]], 10=[[65, 286, 160, 744, 233, 753, 245, 377, 891, 62]], 11=[[646, 134, 135, 978, 860, 861]], 14=[[458, 266, 913, 412, 734]]} | 134.53 | 129.44
O15 | {705=[19], 769=[19], 321=[13], 133=[2], 902=[14], 583=[19], 457=[14], 202=[18], 780=[1], 653=[9], 397=[3], 526=[1], 335=[20], 207=[1], 275=[7], 532=[18], 920=[7], 600=[18], 603=[2], 220=[20], 989=[13], 606=[7], 224=[20], 163=[14], 36=[20], 869=[13], 1000=[18], 362=[3], 810=[9], 44=[3], 816=[14], 112=[7], 307=[14], 883=[19], 371=[2], 820=[9], 692=[3], 308=[14], 438=[13], 54=[3], 759=[1], 698=[14], 957=[9], 511=[7]} | {1=[[780, 526, 207, 759]], 2=[[133, 603, 371]], 18=[[202, 532, 600, 1000]], 19=[[705, 769, 583, 883]], 3=[[397, 362, 44, 692, 54]], 20=[[335, 220, 224, 36]], 7=[[275, 920, 606, 112, 511]], 9=[[653, 810, 820, 957]], 13=[[321, 989, 869, 438]], 14=[[902, 457, 163, 816, 307, 308, 698]]} | 129.64 | 129.44
O14 | {320=[13], 263=[18], 264=[14], 969=[11], 651=[9], 718=[5], 79=[7], 592=[14], 465=[16], 338=[10], 83=[12], 979=[11], 532=[18], 277=[5], 407=[12], 792=[16], 600=[18], 793=[12], 154=[12], 410=[14], 986=[5], 988=[16], 156=[12], 733=[11], 734=[14], 31=[5], 351=[14], 608=[7], 993=[14], 870=[13], 998=[18], 746=[10], 298=[7], 811=[9], 878=[9], 879=[9], 239=[7], 816=[14], 240=[7], 499=[18], 564=[11], 372=[16], 697=[14], 185=[9], 506=[7], 507=[7], 125=[16]} | {16=[[465, 792, 988, 372, 125]], 18=[[263, 532, 600, 998, 499]], 5=[[718, 277, 986, 31]], 7=[[79, 608, 298, 239, 240, 506, 507]], 9=[[651, 811, 878, 879, 185]], 10=[[338, 746]], 11=[[969, 979, 733, 564]], 12=[[83, 407, 793, 154, 156]], 13=[[320, 870]], 14=[[264, 592, 410, 734, 351, 993, 816, 697]]} | 131.03000000000003 | 128.69
O17 | {512=[16], 320=[13], 704=[19], 257=[3], 963=[6], 516=[1], 517=[1], 6=[6], 391=[12], 456=[1], 714=[15], 907=[19], 654=[4], 143=[12], 784=[4], 209=[6], 659=[6], 595=[4], 789=[4], 343=[19], 152=[3], 280=[15], 217=[3], 793=[12], 730=[15], 668=[13], 924=[1], 222=[4], 545=[15], 420=[15], 740=[13], 100=[12], 613=[12], 422=[15], 809=[19], 619=[4], 428=[9], 557=[6], 434=[13], 372=[16], 438=[13], 54=[3], 185=[9], 315=[3], 955=[12], 510=[13], 318=[19], 575=[12]} | {16=[[512, 372]], 1=[[516, 517, 456, 924]], 19=[[704, 907, 343, 809, 318]], 3=[[257, 152, 217, 54, 315]], 4=[[654, 784, 595, 789, 222, 619]], 6=[[963, 6, 209, 659, 557]], 9=[[428, 185]], 12=[[391, 143, 793, 100, 613, 955, 575]], 13=[[320, 668, 740, 434, 438, 510]], 15=[[714, 280, 730, 545, 420, 422]]} | 143.11 | 129.44
O16 | {134=[11], 265=[14], 524=[4], 780=[1], 525=[4], 785=[4], 914=[14], 403=[17], 21=[17], 919=[7], 24=[17], 665=[4], 154=[12], 30=[5], 296=[5], 297=[5], 298=[7], 171=[7], 428=[9], 685=[17], 175=[1], 687=[7], 816=[14], 562=[17], 181=[14], 570=[16], 955=[12], 195=[1], 580=[4], 72=[11], 843=[1], 460=[11], 721=[17], 211=[9], 86=[7], 216=[16], 91=[7], 731=[9], 95=[9], 863=[11], 620=[4], 624=[14], 372=[16], 885=[1], 120=[14], 248=[14], 251=[16], 765=[17], 381=[1]} | {16=[[570, 216, 372, 251]], 1=[[780, 175, 195, 843, 885, 381]], 17=[[403, 21, 24, 685, 562, 721, 765]], 4=[[524, 525, 785, 665, 580, 620]], 5=[[30, 296, 297]], 7=[[919, 298, 171, 687, 86, 91]], 9=[[428, 211, 731, 95]], 11=[[134, 72, 460, 863]], 12=[[154, 955]], 14=[[265, 914, 816, 181, 624, 120, 248]]} | 137.88 | 129.44
O19 | {1=[12], 708=[15], 260=[17], 644=[17], 710=[11], 839=[18], 391=[12], 647=[11], 8=[17], 13=[8], 14=[8], 337=[10], 147=[10], 20=[10], 341=[18], 918=[3], 663=[11], 730=[15], 474=[17], 411=[14], 219=[17], 285=[10], 861=[11], 863=[11], 160=[10], 352=[3], 353=[3], 802=[15], 995=[10], 676=[10], 998=[18], 615=[12], 681=[3], 682=[3], 303=[15], 433=[13], 305=[18], 563=[17], 947=[14], 948=[14], 565=[11], 118=[3], 314=[3], 186=[12], 315=[3], 62=[10], 446=[8]} | {17=[[260, 644, 8, 474, 219, 563]], 18=[[839, 341, 998, 305]], 3=[[918, 352, 353, 681, 682, 118, 314, 315]], 8=[[13, 14, 446]], 10=[[337, 147, 20, 285, 160, 995, 676, 62]], 11=[[710, 647, 663, 861, 863, 565]], 12=[[1, 391, 615, 186]], 13=[[433]], 14=[[411, 947, 948]], 15=[[708, 730, 802, 303]]} | 125.3 | 128.69
O18 | {704=[19], 257=[3], 641=[2], 513=[16], 69=[1], 453=[11], 837=[18], 390=[12], 201=[7], 142=[12], 464=[12], 532=[18], 661=[11], 405=[18], 853=[18], 471=[2], 25=[13], 26=[13], 862=[11], 928=[18], 417=[19], 613=[12], 166=[3], 998=[18], 812=[18], 940=[19], 46=[19], 430=[2], 174=[1], 942=[1], 687=[7], 433=[13], 50=[1], 498=[2], 818=[2], 115=[7], 819=[13], 372=[16], 885=[1], 117=[3], 695=[19], 375=[16], 631=[2], 568=[13], 571=[16], 124=[2], 444=[18], 253=[16]} | {16=[[513, 372, 375, 571, 253]], 1=[[69, 174, 942, 50, 885]], 2=[[641, 471, 430, 498, 818, 631, 124]], 18=[[837, 532, 405, 853, 928, 998, 812, 444]], 19=[[704, 417, 940, 46, 695]], 3=[[257, 166, 117]], 7=[[201, 687, 115]], 11=[[453, 661, 862]], 12=[[390, 142, 464, 613]], 13=[[25, 26, 433, 819, 568]]} | 142.92000000000002 | 129.44
O1 | {256=[5], 706=[19], 66=[12], 452=[3], 901=[17], 197=[15], 711=[13], 330=[6], 267=[10], 269=[10], 462=[6], 657=[6], 401=[5], 722=[15], 407=[12], 25=[13], 602=[20], 666=[6], 474=[17], 220=[20], 797=[20], 225=[17], 481=[10], 419=[15], 37=[20], 422=[15], 102=[12], 871=[10], 167=[5], 231=[10], 488=[10], 234=[17], 107=[17], 364=[3], 877=[13], 752=[10], 48=[19], 177=[17], 628=[13], 437=[19], 246=[10], 696=[19], 762=[15], 187=[12], 509=[17], 318=[19], 638=[6], 639=[6]} | {17=[[901, 474, 225, 234, 107, 177, 509]], 19=[[706, 48, 437, 696, 318]], 3=[[452, 364]], 20=[[602, 220, 797, 37]], 5=[[256, 401, 167]], 6=[[330, 462, 657, 666, 638, 639]], 10=[[267, 269, 481, 871, 231, 488, 752, 246]], 12=[[66, 407, 102, 187]], 13=[[711, 25, 877, 628]], 15=[[197, 722, 419, 422, 762]]} | 132.95000000000002 | 128.69
O2 | {193=[19], 966=[4], 454=[20], 201=[7], 139=[7], 525=[4], 974=[20], 208=[16], 144=[20], 849=[16], 146=[9], 786=[4], 276=[3], 918=[3], 87=[7], 791=[16], 856=[2], 217=[3], 411=[14], 412=[14], 797=[20], 349=[14], 413=[4], 477=[14], 94=[9], 671=[8], 735=[14], 97=[3], 418=[19], 547=[3], 931=[2], 678=[8], 937=[2], 618=[2], 171=[7], 559=[2], 624=[14], 691=[3], 884=[19], 948=[14], 55=[3], 505=[7], 634=[16], 316=[3], 61=[14], 318=[19], 831=[20]} | {16=[[208, 849, 791, 634]], 2=[[856, 931, 937, 618, 559]], 19=[[193, 418, 884, 318]], 3=[[276, 918, 217, 97, 547, 691, 55, 316]], 4=[[966, 525, 786, 413]], 20=[[454, 974, 144, 797, 831]], 7=[[201, 139, 87, 171, 505]], 8=[[671, 678]], 9=[[146, 94]], 14=[[411, 412, 349, 477, 735, 624, 948, 61]]} | 128.84 | 128.48
O3 | {897=[10], 3=[5], 136=[11], 525=[4], 655=[4], 784=[4], 657=[6], 659=[6], 21=[17], 151=[3], 922=[1], 29=[5], 286=[10], 166=[3], 297=[5], 44=[3], 685=[17], 558=[6], 175=[1], 432=[6], 52=[1], 62=[10], 320=[13], 449=[10], 69=[1], 199=[1], 967=[4], 969=[11], 331=[6], 718=[5], 724=[17], 217=[3], 220=[20], 225=[17], 97=[3], 872=[10], 744=[10], 619=[4], 107=[17], 365=[4], 366=[4], 496=[5], 629=[13], 759=[1], 378=[10], 891=[10], 380=[1], 510=[13], 254=[17], 766=[17]} | {17=[[21, 685, 724, 225, 107, 254, 766]], 1=[[922, 175, 52, 69, 199, 759, 380]], 3=[[151, 166, 44, 217, 97]], 4=[[525, 655, 784, 967, 619, 365, 366]], 20=[[220]], 5=[[3, 297, 718, 496], [29]], 6=[[657, 659, 558, 432, 331]], 10=[[897, 286, 62, 449, 872, 744, 378, 891]], 11=[[136, 969]], 13=[[320, 629, 510]]} | 149.23 | 129.44
O4 | {3=[5], 68=[12], 901=[17], 198=[1], 454=[20], 840=[1], 200=[5], 970=[18], 778=[6], 395=[19], 11=[6], 779=[6], 12=[6], 717=[3], 847=[16], 527=[1], 341=[18], 277=[5], 343=[19], 600=[18], 987=[16], 220=[20], 547=[3], 99=[12], 37=[20], 741=[18], 229=[3], 359=[19], 296=[5], 42=[1], 491=[17], 363=[3], 683=[3], 43=[3], 942=[1], 623=[6], 176=[1], 497=[5], 305=[18], 563=[17], 883=[19], 436=[19], 55=[3], 57=[6], 701=[16], 509=[17], 574=[12], 255=[5]} | {16=[[847, 987, 701]], 17=[[901, 491, 563, 509]], 1=[[198, 840, 527, 42, 942, 176]], 18=[[970, 341, 600, 741, 305]], 19=[[395, 343, 359, 883, 436]], 3=[[717, 547, 229, 363, 683, 43, 55]], 20=[[454, 220, 37]], 5=[[3, 200, 277, 296, 497, 255]], 6=[[778, 11, 779, 12, 623, 57]], 12=[[68, 99, 574]]} | 134.82999999999998 | 129.44
O5 | {640=[6], 322=[13], 323=[13], 516=[1], 517=[1], 6=[6], 328=[2], 777=[6], 970=[18], 138=[7], 203=[18], 780=[1], 718=[5], 852=[18], 788=[4], 726=[4], 662=[11], 663=[11], 26=[13], 668=[13], 732=[2], 670=[8], 928=[18], 736=[13], 227=[8], 739=[4], 548=[8], 869=[13], 937=[2], 298=[7], 618=[2], 556=[6], 366=[4], 367=[4], 815=[18], 304=[18], 112=[7], 241=[8], 689=[2], 113=[7], 946=[11], 310=[5], 823=[6], 568=[13], 121=[2], 313=[6], 826=[7]} | {1=[[516, 517, 780]], 2=[[328, 732, 937, 618, 689, 121]], 18=[[970, 203, 852, 928, 815, 304]], 4=[[788, 726, 739, 366, 367]], 5=[[718, 310]], 6=[[640, 6, 777, 556, 823, 313]], 7=[[138, 298, 112, 113, 826]], 8=[[670, 227, 548, 241]], 11=[[662, 663, 946]], 13=[[322, 323, 26, 668, 736, 869, 568]]} | 147.84 | 129.44
O6 | {129=[8], 709=[15], 69=[1], 70=[1], 135=[11], 583=[19], 651=[9], 716=[8], 333=[20], 143=[12], 463=[6], 15=[8], 272=[20], 273=[20], 982=[15], 407=[12], 730=[15], 858=[15], 26=[13], 795=[12], 475=[13], 476=[13], 220=[20], 541=[6], 861=[11], 733=[11], 221=[15], 862=[11], 416=[19], 224=[20], 867=[19], 483=[11], 228=[8], 37=[20], 421=[15], 358=[19], 870=[13], 810=[9], 811=[9], 109=[19], 301=[15], 110=[19], 945=[11], 52=[1], 182=[8], 695=[19], 445=[8]} | {1=[[69, 70, 52]], 19=[[583, 416, 867, 358, 109, 110, 695]], 20=[[333, 272, 273, 220, 224, 37]], 6=[[463, 541]], 8=[[129, 716, 15, 228, 182, 445]], 9=[[651, 810, 811]], 11=[[135, 861, 733, 862, 483, 945]], 12=[[143, 407, 795]], 13=[[26, 475, 476, 870]], 15=[[709, 982, 730, 858, 221, 421, 301]]} | 136.57999999999998 | 129.44
O7 | {384=[17], 260=[17], 389=[12], 8=[17], 520=[15], 649=[15], 267=[10], 909=[19], 526=[1], 527=[1], 911=[14], 402=[17], 277=[5], 537=[10], 923=[1], 799=[15], 32=[19], 546=[3], 163=[14], 420=[15], 49=[1], 949=[14], 65=[10], 450=[10], 836=[15], 965=[1], 325=[15], 715=[15], 466=[10], 340=[1], 88=[3], 217=[3], 348=[9], 93=[9], 613=[12], 614=[12], 871=[10], 104=[14], 872=[10], 236=[17], 878=[9], 750=[19], 624=[14], 881=[9], 883=[19], 889=[10], 378=[10], 890=[10], 763=[15], 509=[17]} | {17=[[384, 260, 8, 402, 236, 509]], 1=[[526, 527, 923, 49, 965, 340]], 19=[[909, 32, 750, 883]], 3=[[546, 88, 217]], 5=[[277]], 9=[[348, 93, 878, 881]], 10=[[267, 537, 65, 450, 466, 871, 872, 889, 378, 890]], 12=[[389, 613, 614]], 14=[[911, 163, 949, 104, 624]], 15=[[520, 649, 799, 420, 836, 325, 715, 763]]} | 130.28 | 129.44
O8 | {129=[8], 391=[12], 8=[17], 650=[15], 657=[6], 18=[20], 658=[6], 786=[4], 787=[4], 533=[8], 155=[12], 413=[4], 799=[15], 159=[6], 162=[12], 291=[3], 35=[20], 36=[20], 678=[8], 680=[8], 44=[3], 558=[6], 946=[11], 563=[17], 182=[8], 55=[3], 186=[12], 187=[12], 960=[20], 962=[6], 68=[12], 840=[1], 713=[8], 205=[20], 464=[12], 340=[1], 468=[4], 215=[15], 88=[3], 863=[11], 483=[11], 613=[12], 742=[15], 234=[17], 875=[4], 620=[4], 236=[17], 760=[1], 381=[1]} | {17=[[8, 563, 234, 236]], 1=[[840, 340, 760, 381]], 3=[[291, 44, 55, 88]], 20=[[18, 35, 36, 960, 205]], 4=[[786, 787, 413, 468, 875, 620]], 6=[[657, 658, 159, 558, 962]], 8=[[129, 533, 678, 680, 182, 713]], 11=[[946, 863, 483]], 12=[[391, 155, 162, 186, 187, 68, 464, 613]], 15=[[650, 799, 215, 742]]} | 142.81 | 129.44
O9 | {384=[17], 770=[19], 644=[17], 390=[12], 520=[15], 267=[10], 268=[10], 150=[18], 279=[15], 24=[17], 412=[14], 157=[6], 158=[6], 160=[10], 33=[19], 421=[15], 940=[19], 556=[6], 684=[17], 302=[15], 179=[17], 439=[13], 312=[6], 954=[18], 322=[13], 834=[15], 835=[15], 325=[15], 75=[17], 203=[18], 465=[16], 219=[17], 987=[16], 992=[14], 609=[15], 99=[12], 997=[18], 101=[12], 230=[6], 743=[16], 871=[10], 360=[19], 872=[10], 235=[17], 883=[19], 503=[12], 891=[10], 125=[16], 510=[13]} | {16=[[465, 987, 743, 125]], 17=[[384, 644, 24, 684, 179, 75, 219, 235]], 18=[[150, 954, 203, 997]], 19=[[770, 33, 940, 360, 883]], 6=[[157, 158, 556, 312, 230]], 10=[[267, 268, 160, 871, 872, 891]], 12=[[390, 99, 101, 503]], 13=[[439, 322, 510]], 14=[[412, 992]], 15=[[520, 279, 421, 302, 834, 835, 325, 609]]} | 130.82999999999998 | 128.69
O20 | {130=[8], 899=[1], 518=[1], 9=[19], 265=[14], 650=[15], 398=[3], 526=[1], 782=[1], 16=[14], 912=[14], 17=[20], 915=[14], 535=[8], 922=[1], 794=[12], 538=[10], 798=[20], 289=[12], 36=[20], 167=[5], 551=[14], 43=[3], 47=[19], 816=[14], 50=[1], 441=[15], 315=[3], 699=[14], 66=[12], 584=[19], 458=[14], 973=[20], 83=[12], 478=[19], 735=[14], 991=[20], 992=[14], 609=[15], 866=[19], 98=[3], 995=[10], 227=[8], 872=[10], 361=[3], 754=[10], 883=[19], 247=[14], 762=[15], 380=[1]} | {1=[[899, 518, 526, 782, 922, 50, 380]], 19=[[9, 47, 584, 478, 866, 883]], 3=[[398, 43, 315, 98, 361]], 20=[[17, 798, 36, 973, 991]], 5=[[167]], 8=[[130, 535, 227]], 10=[[538, 995, 872, 754]], 12=[[794, 289, 66, 83]], 14=[[265, 16, 912, 915, 551, 816, 699, 458, 735, 992, 247]], 15=[[650, 441, 609, 762]]} | 132.99 | 129.44
O22 | {514=[20], 258=[3], 260=[17], 7=[17], 8=[17], 9=[19], 10=[19], 399=[5], 144=[20], 272=[20], 273=[20], 18=[20], 276=[3], 24=[17], 32=[19], 416=[19], 418=[19], 291=[3], 804=[17], 295=[5], 551=[14], 167=[5], 39=[14], 171=[7], 46=[19], 944=[11], 945=[11], 692=[3], 181=[14], 565=[11], 309=[5], 58=[6], 445=[8], 319=[19], 452=[3], 968=[11], 78=[17], 463=[6], 336=[20], 80=[7], 977=[14], 220=[20], 359=[19], 234=[17], 623=[6], 751=[19], 247=[14], 505=[7], 506=[7]} | {17=[[260, 7, 8, 24, 804, 78, 234]], 3=[[258, 276, 291, 692, 452]], 19=[[9, 10, 32, 416, 418, 46, 319, 359, 751]], 20=[[514, 144, 272, 273, 18, 336, 220]], 5=[[399, 295, 167, 309]], 6=[[58, 463, 623]], 7=[[171, 80, 505, 506]], 8=[[445]], 11=[[944, 945, 565, 968]], 14=[[551, 39, 181, 977, 247]]} | 128.28 | 127.2
O21 | {641=[2], 642=[2], 581=[4], 776=[2], 712=[13], 201=[7], 77=[17], 14=[8], 335=[20], 273=[20], 658=[6], 210=[13], 339=[7], 788=[4], 150=[18], 535=[8], 665=[4], 26=[13], 668=[13], 94=[9], 990=[13], 929=[18], 355=[17], 37=[20], 933=[2], 805=[17], 105=[17], 874=[4], 235=[17], 619=[4], 237=[7], 365=[4], 430=[2], 687=[7], 880=[9], 304=[18], 241=[8], 690=[2], 370=[2], 819=[13], 243=[8], 952=[2], 313=[6], 442=[18], 58=[6], 445=[8], 765=[17]} | {17=[[77, 355, 805, 105, 765], [235]], 2=[[641, 642, 776, 933, 430, 690, 370, 952]], 18=[[150, 929, 304, 442]], 4=[[581, 788, 665, 874, 619, 365]], 20=[[335, 273, 37]], 6=[[658, 313, 58]], 7=[[201, 339, 237, 687]], 8=[[14, 535, 241, 243, 445]], 9=[[94, 880]], 13=[[712, 210, 26, 668, 990, 819]]} | 148.82000000000002 | 128.69
O24 | {896=[6], 578=[2], 644=[17], 901=[17], 327=[2], 968=[11], 10=[19], 395=[19], 332=[6], 461=[11], 206=[1], 144=[20], 720=[8], 145=[20], 273=[20], 18=[20], 471=[2], 24=[17], 345=[20], 220=[20], 861=[11], 733=[11], 605=[10], 158=[6], 671=[8], 672=[10], 738=[2], 804=[17], 676=[10], 933=[2], 679=[8], 559=[2], 752=[10], 498=[2], 51=[1], 243=[8], 564=[11], 437=[19], 245=[10], 375=[16], 567=[11], 888=[10], 952=[2], 57=[6], 891=[10], 765=[17], 830=[20], 383=[17]} | {16=[[375]], 17=[[644, 901, 24, 804, 383], [765]], 1=[[206, 51]], 2=[[578, 327, 471, 738, 933, 559, 498, 952]], 19=[[10, 395, 437]], 20=[[144, 145, 273, 18, 345, 220, 830]], 6=[[896, 332, 158, 57]], 8=[[720, 671, 679, 243]], 10=[[605, 672, 676, 752, 245, 888, 891]], 11=[[968, 461, 861, 733, 564, 567]]} | 143.47 | 129.44
O23 | {897=[10], 3=[5], 644=[17], 900=[17], 777=[6], 11=[6], 783=[4], 787=[4], 788=[4], 533=[8], 535=[8], 27=[2], 411=[14], 283=[10], 285=[10], 805=[17], 294=[5], 934=[2], 38=[10], 295=[5], 679=[8], 553=[14], 685=[17], 948=[14], 181=[14], 318=[19], 584=[19], 457=[14], 585=[19], 330=[6], 75=[17], 589=[17], 78=[17], 975=[4], 209=[6], 593=[14], 732=[2], 989=[13], 738=[2], 359=[19], 490=[10], 876=[13], 366=[4], 495=[5], 498=[2], 884=[19], 629=[13], 890=[10], 255=[5]} | {17=[[644, 900, 805, 685, 75, 589, 78]], 2=[[27, 934, 732, 738, 498]], 19=[[318, 584, 585, 359, 884]], 4=[[783, 787, 788, 975, 366]], 5=[[3, 294, 295, 495, 255]], 6=[[777, 11, 330, 209]], 8=[[533, 535, 679]], 10=[[897, 283, 285, 38, 490, 890]], 13=[[989, 876, 629]], 14=[[411, 553, 948, 181, 457, 593]]} | 137.4 | 128.69
O26 | {448=[10], 323=[13], 131=[2], 579=[4], 964=[1], 262=[18], 329=[2], 586=[9], 524=[4], 653=[9], 13=[8], 973=[20], 654=[4], 526=[1], 14=[8], 206=[1], 401=[5], 211=[9], 531=[18], 980=[20], 405=[18], 726=[4], 536=[10], 28=[2], 160=[10], 928=[18], 932=[2], 740=[13], 677=[8], 933=[2], 870=[13], 296=[5], 621=[4], 943=[9], 496=[5], 880=[9], 560=[2], 305=[18], 306=[18], 370=[2], 755=[10], 886=[1], 630=[13], 568=[13], 892=[10], 957=[9], 829=[20], 831=[20]} | {1=[[964, 526, 206, 886]], 2=[[131, 329, 28, 932, 933, 560, 370]], 18=[[262, 531, 405, 928, 305, 306]], 4=[[579, 524, 654, 726, 621]], 20=[[973, 980, 829, 831]], 5=[[401, 296, 496]], 8=[[13, 14, 677]], 9=[[586, 653, 211, 943, 880, 957]], 10=[[448, 536, 160, 755, 892]], 13=[[323, 740, 870, 630, 568]]} | 142.97 | 129.44
O25 | {321=[13], 322=[13], 962=[6], 837=[18], 966=[4], 651=[9], 652=[9], 973=[20], 910=[14], 975=[4], 719=[7], 211=[9], 917=[3], 213=[13], 342=[18], 726=[4], 151=[3], 664=[4], 346=[14], 986=[5], 731=[9], 348=[9], 797=[20], 734=[14], 31=[5], 352=[3], 163=[14], 1000=[18], 170=[7], 44=[3], 876=[13], 812=[18], 813=[18], 877=[13], 45=[3], 173=[7], 238=[7], 816=[14], 624=[14], 497=[5], 305=[18], 505=[7], 442=[18], 506=[7], 895=[6], 511=[7]} | {18=[[837, 342, 1000, 812, 813, 305, 442]], 3=[[917, 151, 352, 44, 45]], 4=[[966, 975, 726, 664]], 20=[[973, 797]], 5=[[986, 31, 497]], 6=[[962, 895]], 7=[[719, 170, 173, 238, 505, 506, 511]], 9=[[651, 652, 211, 731, 348]], 13=[[321, 322, 213, 876, 877]], 14=[[910, 346, 734, 163, 816, 624]]} | 131.31 | 128.69
O28 | {897=[10], 386=[5], 261=[18], 265=[14], 11=[6], 910=[14], 400=[5], 16=[14], 912=[14], 915=[14], 404=[18], 660=[6], 151=[3], 537=[10], 539=[10], 927=[10], 159=[6], 163=[14], 803=[17], 676=[10], 169=[5], 297=[5], 555=[18], 173=[7], 178=[17], 568=[13], 314=[3], 320=[13], 838=[18], 711=[13], 845=[15], 77=[17], 718=[5], 337=[10], 223=[7], 353=[3], 994=[17], 482=[15], 357=[17], 235=[17], 363=[3], 877=[13], 749=[10], 238=[7], 623=[6], 117=[3], 246=[10], 248=[14], 893=[10]} | {17=[[803, 178, 77, 994, 357, 235]], 18=[[261, 404, 555, 838]], 3=[[151, 314, 353, 363, 117]], 5=[[386, 400, 169, 297, 718]], 6=[[11, 660, 159, 623]], 7=[[173, 223, 238]], 10=[[897, 537, 539, 927, 676, 337, 749, 246, 893]], 13=[[568, 320, 711, 877]], 14=[[265, 910, 16, 912, 915, 163, 248]], 15=[[845, 482]]} | 128.88 | 128.69
O27 | {641=[2], 322=[13], 132=[2], 902=[14], 264=[14], 266=[14], 588=[9], 909=[19], 719=[7], 80=[7], 465=[16], 981=[15], 215=[15], 921=[7], 90=[7], 412=[14], 351=[14], 95=[9], 865=[19], 421=[15], 358=[19], 742=[15], 39=[14], 554=[18], 810=[9], 170=[7], 298=[7], 171=[7], 300=[7], 429=[2], 751=[19], 303=[15], 879=[9], 687=[7], 944=[11], 498=[2], 437=[19], 629=[13], 248=[14], 824=[9], 697=[14], 249=[14], 121=[2], 250=[16], 59=[14], 763=[15], 700=[16]} | {16=[[465, 250, 700]], 2=[[641, 132, 429, 498, 121]], 18=[[554]], 19=[[909, 865, 358, 751, 437]], 7=[[719, 80, 921, 90, 170, 298, 171, 300, 687]], 9=[[588, 95, 810, 879, 824]], 11=[[944]], 13=[[322, 629]], 14=[[902, 264, 266, 412, 351, 39, 248, 697, 249, 59]], 15=[[981, 215, 421, 742, 303, 763]]} | 128.92000000000002 | 128.69
O29 | {641=[2], 515=[20], 131=[2], 647=[11], 135=[11], 523=[4], 145=[20], 792=[16], 797=[20], 35=[20], 935=[2], 427=[9], 172=[7], 812=[18], 429=[2], 815=[18], 560=[2], 944=[11], 945=[11], 306=[18], 567=[11], 311=[6], 186=[12], 956=[12], 576=[6], 961=[6], 67=[12], 963=[6], 710=[11], 201=[7], 975=[4], 467=[4], 471=[2], 600=[18], 345=[20], 607=[7], 224=[20], 101=[12], 613=[12], 102=[12], 999=[18], 239=[7], 881=[9], 627=[9], 372=[16], 501=[12], 506=[7], 252=[16], 895=[6]} | {16=[[792, 372, 252]], 2=[[641, 131, 935, 429, 560, 471]], 18=[[812, 815, 306, 600, 999]], 20=[[515, 145, 797, 35, 345, 224]], 4=[[523, 975, 467]], 6=[[311, 576, 961, 963, 895]], 7=[[172, 201, 607, 239, 506]], 9=[[427, 881, 627]], 11=[[647, 135, 944, 945, 567, 710]], 12=[[186, 956, 67, 101, 613, 102, 501]]} | 145.01 | 128.69
O31 | {1=[12], 5=[7], 584=[19], 201=[7], 777=[6], 10=[19], 11=[6], 908=[19], 206=[1], 656=[4], 81=[16], 849=[16], 210=[13], 664=[4], 921=[7], 857=[2], 282=[2], 222=[4], 415=[4], 225=[17], 226=[19], 738=[2], 613=[12], 869=[13], 743=[16], 107=[17], 108=[17], 620=[4], 237=[7], 238=[7], 367=[4], 687=[7], 239=[7], 113=[7], 114=[7], 115=[7], 372=[16], 758=[1], 502=[12], 887=[1], 632=[2], 696=[19], 379=[1], 571=[16], 638=[6], 574=[12], 575=[12]} | {16=[[81, 849, 743, 372, 571]], 1=[[206, 758, 887, 379]], 17=[[225, 107, 108]], 2=[[857, 282, 738, 632]], 19=[[584, 10, 908, 226, 696]], 4=[[656, 664, 222, 415, 620, 367]], 6=[[777, 11, 638]], 7=[[5, 201, 921, 237, 238, 687, 239, 113, 114, 115]], 12=[[1, 613, 502, 574, 575]], 13=[[210, 869]]} | 145.89 | 129.44
O30 | {128=[18], 69=[1], 517=[1], 5=[7], 198=[1], 263=[18], 391=[12], 392=[12], 395=[19], 271=[20], 339=[7], 916=[3], 601=[18], 731=[9], 27=[2], 796=[20], 28=[2], 797=[20], 479=[19], 97=[3], 930=[18], 98=[3], 291=[3], 293=[3], 998=[18], 614=[12], 423=[9], 615=[12], 297=[5], 298=[7], 362=[3], 171=[7], 45=[3], 942=[1], 430=[2], 368=[2], 176=[1], 305=[18], 882=[19], 50=[1], 692=[3], 885=[1], 633=[2], 506=[7], 955=[12], 830=[20]} | {1=[[69, 517, 198, 942, 176, 50, 885]], 18=[[128, 263, 601, 930, 998, 305]], 2=[[27, 28, 430, 368, 633]], 19=[[395, 479, 882]], 3=[[916, 97, 98, 291, 293, 362, 45, 692]], 20=[[271, 796, 797, 830]], 5=[[297]], 7=[[5, 339, 298, 171, 506]], 9=[[731, 423]], 12=[[391, 392, 614, 615, 955]]} | 137.38 | 129.44
O33 | {128=[18], 258=[3], 388=[5], 902=[14], 262=[18], 264=[14], 265=[14], 395=[19], 909=[19], 13=[8], 526=[1], 527=[1], 273=[20], 401=[5], 914=[14], 531=[18], 797=[20], 416=[19], 809=[19], 553=[14], 556=[6], 558=[6], 947=[14], 309=[5], 437=[19], 565=[11], 822=[6], 182=[8], 55=[3], 442=[18], 315=[3], 60=[14], 706=[19], 199=[1], 583=[19], 74=[11], 843=[1], 203=[18], 716=[8], 333=[20], 986=[5], 479=[19], 863=[11], 484=[14], 358=[19], 497=[5], 243=[8], 381=[1], 767=[19]} | {1=[[526, 527, 199, 843, 381]], 18=[[128, 262, 531, 442, 203]], 3=[[258, 55, 315]], 19=[[395, 909, 416, 809, 437, 706, 583, 479, 358, 767]], 20=[[273, 797, 333]], 5=[[388, 401, 309, 986, 497]], 6=[[556, 558, 822]], 8=[[13, 182, 716, 243]], 11=[[565, 74, 863]], 14=[[902, 264, 265, 914, 553, 947, 60, 484]]} | 132.06 | 129.44
O32 | {706=[19], 642=[2], 131=[2], 515=[20], 900=[17], 773=[2], 8=[17], 712=[13], 523=[4], 204=[20], 13=[8], 717=[3], 783=[4], 849=[16], 596=[4], 533=[8], 983=[2], 152=[3], 796=[20], 541=[6], 989=[13], 414=[4], 224=[20], 548=[8], 870=[13], 806=[17], 487=[3], 107=[17], 363=[3], 110=[19], 689=[2], 242=[8], 690=[2], 819=[13], 563=[17], 756=[4], 757=[4], 373=[16], 950=[2], 694=[19], 118=[3], 952=[2], 701=[16], 125=[16], 830=[20], 638=[6]} | {16=[[849, 373, 701, 125]], 17=[[900, 8, 806, 107, 563]], 2=[[642, 131, 773, 983, 689, 690, 950, 952]], 19=[[706, 110, 694]], 3=[[717, 152, 487, 363, 118]], 20=[[515, 204, 796, 224, 830]], 4=[[523, 783, 596, 414, 756, 757]], 6=[[541, 638]], 8=[[13, 533, 548, 242]], 13=[[712, 989, 870, 819]]} | 136.10999999999999 | 128.69
O35 | {64=[10], 512=[16], 450=[10], 642=[2], 645=[11], 581=[4], 518=[1], 6=[6], 902=[14], 327=[2], 777=[6], 395=[19], 268=[10], 654=[4], 467=[4], 20=[10], 661=[11], 470=[13], 214=[2], 536=[10], 857=[2], 347=[14], 476=[13], 479=[19], 864=[19], 481=[10], 739=[4], 934=[2], 104=[14], 748=[10], 559=[2], 431=[2], 176=[1], 947=[14], 564=[11], 373=[16], 949=[14], 567=[11], 247=[14], 376=[10], 248=[14], 61=[14], 381=[1], 510=[13], 703=[16]} | {16=[[512, 373, 703]], 1=[[518, 176, 381]], 2=[[642, 327, 214, 857, 934, 559, 431]], 19=[[395, 479, 864]], 4=[[581, 654, 467, 739]], 6=[[6, 777]], 10=[[64, 450, 268, 20, 536, 481, 748, 376]], 11=[[645, 661, 564, 567]], 13=[[470, 476, 510]], 14=[[902, 347, 104, 947, 949, 247, 248, 61]]} | 135.37 | 129.44
O34 | {519=[15], 136=[11], 649=[15], 522=[4], 778=[6], 139=[7], 782=[1], 654=[4], 528=[1], 657=[6], 530=[18], 658=[6], 788=[4], 149=[18], 792=[16], 551=[14], 298=[7], 941=[1], 175=[1], 564=[11], 309=[5], 310=[5], 822=[6], 311=[6], 313=[6], 697=[14], 570=[16], 61=[14], 836=[15], 326=[15], 840=[1], 202=[18], 729=[15], 92=[7], 607=[7], 739=[4], 238=[7], 494=[5], 623=[6], 112=[7], 756=[4], 887=[1], 761=[15], 249=[14], 250=[16], 380=[1], 636=[16], 895=[6], 255=[5]} | {16=[[792, 570, 250, 636]], 1=[[782, 528, 941, 175, 840, 887, 380]], 18=[[530, 149, 202]], 4=[[522, 654, 788, 739, 756]], 5=[[309, 310, 494, 255]], 6=[[778, 657, 658, 822, 311, 313, 623, 895]], 7=[[139, 298, 92, 607, 238, 112]], 11=[[136, 564]], 14=[[551, 697, 61, 249]], 15=[[519, 649, 836, 326, 729, 761]]} | 139.8 | 129.44
O37 | {644=[17], 5=[7], 903=[14], 8=[17], 911=[14], 531=[18], 281=[2], 410=[14], 929=[18], 164=[14], 421=[15], 937=[2], 299=[7], 559=[2], 817=[14], 561=[17], 177=[17], 178=[17], 179=[17], 181=[14], 949=[14], 566=[11], 953=[2], 441=[15], 322=[13], 324=[15], 74=[11], 203=[18], 844=[15], 589=[17], 208=[16], 599=[18], 215=[15], 855=[2], 728=[15], 89=[17], 346=[14], 475=[13], 219=[17], 863=[11], 351=[14], 735=[14], 609=[15], 234=[17], 875=[4], 365=[4], 367=[4], 121=[2], 382=[17]} | {16=[[208]], 17=[[644, 8, 561, 177, 178, 179, 589, 89, 219, 234, 382]], 18=[[531, 929, 203, 599]], 2=[[281, 937, 559, 953, 855, 121]], 4=[[875, 365, 367]], 7=[[5, 299]], 11=[[566, 74, 863]], 13=[[322, 475]], 14=[[903, 911, 410, 164, 817, 181, 949, 346, 351, 735]], 15=[[421, 441, 324, 844, 215, 728, 609]]} | 131.39 | 128.69
O36 | {836=[15], 261=[18], 838=[18], 262=[18], 390=[12], 6=[6], 646=[11], 522=[4], 650=[15], 906=[2], 10=[19], 907=[19], 12=[6], 143=[12], 784=[4], 82=[16], 790=[16], 151=[3], 733=[11], 862=[11], 800=[15], 289=[12], 865=[19], 929=[18], 546=[3], 99=[12], 612=[11], 936=[2], 681=[3], 617=[2], 362=[3], 621=[4], 814=[18], 559=[2], 432=[6], 436=[19], 632=[2], 633=[2], 121=[2], 954=[18], 955=[12], 572=[16], 317=[19], 127=[16]} | {16=[[82, 790, 572, 127]], 18=[[261, 838, 262, 929, 814, 954]], 2=[[906, 936, 617, 559, 632, 633, 121]], 19=[[10, 907, 865, 436, 317]], 3=[[151, 546, 681, 362]], 4=[[522, 784, 621]], 6=[[6, 12, 432]], 11=[[646, 733, 862, 612]], 12=[[390, 143, 289, 99, 955]], 15=[[836, 650, 800]]} | 131.86 | 128.69
O39 | {448=[10], 130=[8], 386=[5], 131=[2], 5=[7], 775=[2], 905=[2], 716=[8], 781=[1], 528=[1], 81=[16], 466=[10], 533=[8], 470=[13], 90=[7], 282=[2], 32=[19], 226=[19], 674=[10], 227=[8], 679=[8], 936=[2], 425=[18], 233=[10], 489=[10], 809=[19], 42=[1], 882=[19], 755=[10], 629=[13], 245=[10], 310=[5], 182=[8], 438=[13], 633=[2], 377=[10], 506=[7], 954=[18], 891=[10], 123=[2], 892=[10], 317=[19], 381=[1], 318=[19], 62=[10]} | {16=[[81]], 1=[[781, 528, 42, 381]], 2=[[131, 775, 905, 282, 936, 633, 123]], 18=[[425, 954]], 19=[[32, 226, 809, 882], [317, 318], []], 5=[[386, 310]], 7=[[5, 90, 506]], 8=[[130, 716, 533, 227, 679, 182]], 10=[[448, 466, 674, 233, 489, 755, 245, 377, 891, 892, 62]], 13=[[470, 629, 438]]} | 147.80999999999997 | 129.44
O38 | {256=[5], 768=[19], 513=[16], 258=[3], 706=[19], 965=[1], 902=[14], 392=[12], 201=[7], 140=[7], 913=[14], 274=[7], 594=[14], 914=[14], 348=[9], 668=[13], 156=[12], 349=[14], 735=[14], 479=[19], 34=[19], 293=[3], 869=[13], 614=[12], 552=[14], 42=[1], 939=[19], 44=[3], 940=[19], 877=[13], 494=[5], 48=[19], 433=[13], 884=[19], 886=[1], 759=[1], 120=[14], 696=[19], 760=[1], 185=[9], 634=[16], 314=[3], 507=[7], 379=[1], 573=[16], 126=[16], 255=[5], 575=[12]} | {16=[[513, 634, 573, 126]], 1=[[965, 42, 886, 759, 760, 379]], 19=[[768, 706, 479, 34, 939, 940, 48, 884, 696]], 3=[[258, 293, 44, 314]], 5=[[256, 494, 255]], 7=[[201, 140, 274, 507]], 9=[[348, 185]], 12=[[392, 156, 614, 575]], 13=[[668, 869, 877, 433]], 14=[[902, 913, 594, 914, 349, 735, 552, 120]]} | 135.72 | 129.44
